,Date,Name of State / UT,Total Confirmed cases (Indian National),Total Confirmed cases ( Foreign National ),Cured/Discharged/Migrated,Latitude,Longitude,Death,Total Confirmed cases
0,2020-01-30,Kerala,1,0,0,10.8505,76.2711,0,1
1,2020-01-31,Kerala,1,0,0,10.8505,76.2711,0,1
2,2020-02-01,Kerala,2,0,0,10.8505,76.2711,0,2
3,2020-02-02,Kerala,3,0,0,10.8505,76.2711,0,3
4,2020-02-03,Kerala,3,0,0,10.8505,76.2711,0,3
5,2020-02-04,Kerala,3,0,0,10.8505,76.2711,0,3
6,2020-02-05,Kerala,3,0,0,10.8505,76.2711,0,3
7,2020-02-06,Kerala,3,0,0,10.8505,76.2711,0,3
8,2020-02-07,Kerala,3,0,0,10.8505,76.2711,0,3
9,2020-02-08,Kerala,3,0,0,10.8505,76.2711,0,3
10,2020-02-09,Kerala,3,0,0,10.8505,76.2711,0,3
11,2020-02-10,Kerala,3,0,0,10.8505,76.2711,0,3
12,2020-02-11,Kerala,3,0,0,10.8505,76.2711,0,3
13,2020-02-12,Kerala,3,0,0,10.8505,76.2711,0,3
14,2020-02-13,Kerala,3,0,0,10.8505,76.2711,0,3
15,2020-02-14,Kerala,3,0,0,10.8505,76.2711,0,3
16,2020-02-15,Kerala,3,0,0,10.8505,76.2711,0,3
17,2020-02-16,Kerala,3,0,0,10.8505,76.2711,0,3
18,2020-02-17,Kerala,3,0,0,10.8505,76.2711,0,3
19,2020-02-18,Kerala,3,0,0,10.8505,76.2711,0,3
20,2020-02-19,Kerala,3,0,0,10.8505,76.2711,0,3
21,2020-02-20,Kerala,3,0,0,10.8505,76.2711,0,3
22,2020-02-21,Kerala,3,0,0,10.8505,76.2711,0,3
23,2020-02-22,Kerala,3,0,0,10.8505,76.2711,0,3
24,2020-02-23,Kerala,3,0,0,10.8505,76.2711,0,3
25,2020-02-24,Kerala,3,0,0,10.8505,76.2711,0,3
26,2020-02-25,Kerala,3,0,0,10.8505,76.2711,0,3
27,2020-02-26,Kerala,3,0,0,10.8505,76.2711,0,3
28,2020-02-27,Kerala,3,0,0,10.8505,76.2711,0,3
29,2020-02-28,Kerala,3,0,0,10.8505,76.2711,0,3
30,2020-02-29,Kerala,3,0,0,10.8505,76.2711,0,3
31,2020-03-01,Kerala,3,0,0,10.8505,76.2711,0,3
32,2020-03-02,Delhi,1,0,0,28.7041,77.1025,0,1
33,2020-03-02,Kerala,3,0,0,10.8505,76.2711,0,3
34,2020-03-02,Telengana,1,0,0,18.1124,79.0193,0,1
35,2020-03-03,Delhi,1,0,0,28.7041,77.1025,0,1
36,2020-03-03,Kerala,3,0,3,10.8505,76.2711,0,3
37,2020-03-03,Telengana,1,0,0,18.1124,79.0193,0,1
38,2020-03-04,Delhi,1,0,0,28.7041,77.1025,0,1
39,2020-03-04,Haryana,0,14,0,29.0588,76.0856,0,14
40,2020-03-04,Kerala,3,0,3,10.8505,76.2711,0,3
41,2020-03-04,Rajasthan,1,0,0,27.0238,74.2179,0,1
42,2020-03-04,Telengana,1,0,0,18.1124,79.0193,0,1
43,2020-03-04,Uttar Pradesh,6,0,0,26.8467,80.9462,0,6
44,2020-03-05,Delhi,2,0,0,28.7041,77.1025,0,2
45,2020-03-05,Haryana,0,14,0,29.0588,76.0856,0,14
46,2020-03-05,Kerala,3,0,3,10.8505,76.2711,0,3
47,2020-03-05,Rajasthan,1,0,0,27.0238,74.2179,0,1
48,2020-03-05,Telengana,1,0,0,18.1124,79.0193,0,1
49,2020-03-05,Uttar Pradesh,7,0,0,26.8467,80.9462,0,7
50,2020-03-06,Delhi,3,0,0,28.7041,77.1025,0,3
51,2020-03-06,Haryana,0,14,0,29.0588,76.0856,0,14
52,2020-03-06,Kerala,3,0,3,10.8505,76.2711,0,3
53,2020-03-06,Rajasthan,1,0,0,27.0238,74.2179,0,1
54,2020-03-06,Telengana,1,0,0,18.1124,79.0193,0,1
55,2020-03-06,Uttar Pradesh,7,0,0,26.8467,80.9462,0,7
56,2020-03-07,Delhi,3,0,0,28.7041,77.1025,0,3
57,2020-03-07,Haryana,0,14,0,29.0588,76.0856,0,14
58,2020-03-07,Kerala,3,0,3,10.8505,76.2711,0,3
59,2020-03-07,Rajasthan,1,0,0,27.0238,74.2179,0,1
60,2020-03-07,Tamil Nadu,1,0,0,11.1271,78.6569,0,1
61,2020-03-07,Telengana,1,0,0,18.1124,79.0193,0,1
62,2020-03-07,Union Territory of Ladakh,2,0,0,34.2996,78.2932,0,2
63,2020-03-07,Uttar Pradesh,7,0,0,26.8467,80.9462,0,7
64,2020-03-08,Delhi,3,0,0,28.7041,77.1025,0,3
65,2020-03-08,Haryana,0,14,0,29.0588,76.0856,0,14
66,2020-03-08,Kerala,8,0,3,10.8505,76.2711,0,8
67,2020-03-08,Rajasthan,1,0,0,27.0238,74.2179,0,1
68,2020-03-08,Tamil Nadu,1,0,0,11.1271,78.6569,0,1
69,2020-03-08,Telengana,1,0,0,18.1124,79.0193,0,1
70,2020-03-08,Union Territory of Ladakh,2,0,0,34.2996,78.2932,0,2
71,2020-03-08,Uttar Pradesh,7,0,0,26.8467,80.9462,0,7
72,2020-03-09,Delhi,4,0,0,28.7041,77.1025,0,4
73,2020-03-09,Haryana,0,14,0,29.0588,76.0856,0,14
74,2020-03-09,Karnataka,1,0,0,15.3173,75.7139,0,1
75,2020-03-09,Kerala,9,0,3,10.8505,76.2711,0,9
76,2020-03-09,Maharashtra,2,0,0,19.7515,75.7139,0,2
77,2020-03-09,Punjab,1,0,0,31.1471,75.3412,0,1
78,2020-03-09,Rajasthan,1,0,0,27.0238,74.2179,0,1
79,2020-03-09,Tamil Nadu,1,0,0,11.1271,78.6569,0,1
80,2020-03-09,Telengana,1,0,0,18.1124,79.0193,0,1
81,2020-03-09,Union Territory of Jammu and Kashmir,1,0,0,33.7782,76.5762,0,1
82,2020-03-09,Union Territory of Ladakh,2,0,0,34.2996,78.2932,0,2
83,2020-03-09,Uttar Pradesh,7,0,0,26.8467,80.9462,0,7
84,2020-03-10,Delhi,4,0,0,28.7041,77.1025,0,4
85,2020-03-10,Haryana,0,14,0,29.0588,76.0856,0,14
86,2020-03-10,Karnataka,4,0,0,15.3173,75.7139,0,4
87,2020-03-10,Kerala,15,0,3,10.8505,76.2711,0,15
88,2020-03-10,Maharashtra,5,0,0,19.7515,75.7139,0,5
89,2020-03-10,Punjab,1,0,0,31.1471,75.3412,0,1
90,2020-03-10,Rajasthan,1,0,0,27.0238,74.2179,0,1
91,2020-03-10,Tamil Nadu,1,0,0,11.1271,78.6569,0,1
92,2020-03-10,Telengana,1,0,0,18.1124,79.0193,0,1
93,2020-03-10,Union Territory of Jammu and Kashmir,1,0,0,33.7782,76.5762,0,1
94,2020-03-10,Union Territory of Ladakh,2,0,0,34.2996,78.2932,0,2
95,2020-03-10,Uttar Pradesh,7,0,0,26.8467,80.9462,0,7
96,2020-03-11,Delhi,5,0,0,28.7041,77.1025,0,5
97,2020-03-11,Haryana,0,14,0,29.0588,76.0856,0,14
98,2020-03-11,Karnataka,4,0,0,15.3173,75.7139,0,4
99,2020-03-11,Kerala,17,0,3,10.8505,76.2711,0,17
100,2020-03-11,Maharashtra,10,0,0,19.7515,75.7139,0,10
101,2020-03-11,Punjab,1,0,0,31.1471,75.3412,0,1
102,2020-03-11,Rajasthan,1,2,0,27.0238,74.2179,0,3
103,2020-03-11,Tamil Nadu,1,0,0,11.1271,78.6569,0,1
104,2020-03-11,Telengana,1,0,0,18.1124,79.0193,0,1
105,2020-03-11,Union Territory of Jammu and Kashmir,1,0,0,33.7782,76.5762,0,1
106,2020-03-11,Union Territory of Ladakh,2,0,0,34.2996,78.2932,0,2
107,2020-03-11,Uttar Pradesh,9,0,0,26.8467,80.9462,0,9
108,2020-03-12,Andhra Pradesh,1,0,0,15.9129,79.74,0,1
109,2020-03-12,Delhi,6,0,0,28.7041,77.1025,0,6
110,2020-03-12,Haryana,0,14,0,29.0588,76.0856,0,14
111,2020-03-12,Karnataka,4,0,0,15.3173,75.7139,1,4
112,2020-03-12,Kerala,17,0,3,10.8505,76.2711,0,17
113,2020-03-12,Maharashtra,11,0,0,19.7515,75.7139,0,11
114,2020-03-12,Punjab,1,0,0,31.1471,75.3412,0,1
115,2020-03-12,Rajasthan,1,2,0,27.0238,74.2179,0,3
116,2020-03-12,Tamil Nadu,1,0,0,11.1271,78.6569,0,1
117,2020-03-12,Telengana,1,0,0,18.1124,79.0193,0,1
118,2020-03-12,Union Territory of Jammu and Kashmir,1,0,0,33.7782,76.5762,0,1
119,2020-03-12,Union Territory of Ladakh,3,0,0,34.2996,78.2932,0,3
120,2020-03-12,Uttar Pradesh,10,1,0,26.8467,80.9462,0,11
121,2020-03-13,Andhra Pradesh,1,0,0,15.9129,79.74,0,1
122,2020-03-13,Delhi,6,0,0,28.7041,77.1025,0,6
123,2020-03-13,Haryana,0,14,0,29.0588,76.0856,0,14
124,2020-03-13,Karnataka,5,0,0,15.3173,75.7139,1,5
125,2020-03-13,Kerala,17,0,3,10.8505,76.2711,0,17
126,2020-03-13,Maharashtra,11,0,0,19.7515,75.7139,0,11
127,2020-03-13,Punjab,1,0,0,31.1471,75.3412,0,1
128,2020-03-13,Rajasthan,1,2,0,27.0238,74.2179,0,3
129,2020-03-13,Tamil Nadu,1,0,0,11.1271,78.6569,0,1
130,2020-03-13,Telengana,1,0,0,18.1124,79.0193,0,1
131,2020-03-13,Union Territory of Jammu and Kashmir,1,0,0,33.7782,76.5762,0,1
132,2020-03-13,Union Territory of Ladakh,3,0,0,34.2996,78.2932,0,3
133,2020-03-13,Uttar Pradesh,10,1,0,26.8467,80.9462,0,11
134,2020-03-14,Andhra Pradesh,1,0,0,15.9129,79.74,0,1
135,2020-03-14,Delhi,7,0,1,28.7041,77.1025,1,7
136,2020-03-14,Haryana,0,14,0,29.0588,76.0856,0,14
137,2020-03-14,Karnataka,6,0,0,15.3173,75.7139,1,6
138,2020-03-14,Kerala,19,0,3,10.8505,76.2711,0,19
139,2020-03-14,Maharashtra,14,0,0,19.7515,75.7139,0,14
140,2020-03-14,Punjab,1,0,0,31.1471,75.3412,0,1
141,2020-03-14,Rajasthan,1,2,1,27.0238,74.2179,0,3
142,2020-03-14,Tamil Nadu,1,0,0,11.1271,78.6569,0,1
143,2020-03-14,Telengana,1,0,0,18.1124,79.0193,0,1
144,2020-03-14,Union Territory of Jammu and Kashmir,2,0,0,33.7782,76.5762,0,2
145,2020-03-14,Union Territory of Ladakh,3,0,0,34.2996,78.2932,0,3
146,2020-03-14,Uttar Pradesh,11,1,5,26.8467,80.9462,0,12
147,2020-03-15,Andhra Pradesh,1,0,0,15.9129,79.74,0,1
148,2020-03-15,Delhi,7,0,2,28.7041,77.1025,1,7
149,2020-03-15,Haryana,0,14,0,29.0588,76.0856,0,14
150,2020-03-15,Karnataka,6,0,0,15.3173,75.7139,1,6
151,2020-03-15,Kerala,23,0,3,10.8505,76.2711,0,23
152,2020-03-15,Maharashtra,32,0,0,19.7515,75.7139,0,32
153,2020-03-15,Punjab,1,0,0,31.1471,75.3412,0,1
154,2020-03-15,Rajasthan,2,2,3,27.0238,74.2179,0,4
155,2020-03-15,Tamil Nadu,1,0,0,11.1271,78.6569,0,1
156,2020-03-15,Telengana,3,0,1,18.1124,79.0193,0,3
157,2020-03-15,Union Territory of Jammu and Kashmir,2,0,0,33.7782,76.5762,0,2
158,2020-03-15,Union Territory of Ladakh,3,0,0,34.2996,78.2932,0,3
159,2020-03-15,Uttar Pradesh,12,1,4,26.8467,80.9462,0,13
160,2020-03-15,Uttarakhand,1,0,0,30.0668,79.0193,0,1
161,2020-03-16,Andhra Pradesh,1,0,0,15.9129,79.74,0,1
162,2020-03-16,Delhi,7,0,2,28.7041,77.1025,1,7
163,2020-03-16,Haryana,0,14,0,29.0588,76.0856,0,14
164,2020-03-16,Karnataka,6,0,0,15.3173,75.7139,1,6
165,2020-03-16,Kerala,23,0,3,10.8505,76.2711,0,23
166,2020-03-16,Maharashtra,32,0,0,19.7515,75.7139,0,32
167,2020-03-16,Odisha,1,0,0,20.9517,85.0985,0,1
168,2020-03-16,Punjab,1,0,0,31.1471,75.3412,0,1
169,2020-03-16,Rajasthan,2,2,3,27.0238,74.2179,0,4
170,2020-03-16,Tamil Nadu,1,0,0,11.1271,78.6569,0,1
171,2020-03-16,Telengana,3,0,1,18.1124,79.0193,0,3
172,2020-03-16,Union Territory of Jammu and Kashmir,3,0,0,33.7782,76.5762,0,3
173,2020-03-16,Union Territory of Ladakh,4,0,0,34.2996,78.2932,0,4
174,2020-03-16,Uttar Pradesh,12,1,4,26.8467,80.9462,0,13
175,2020-03-16,Uttarakhand,1,0,0,30.0668,79.0193,0,1
176,2020-03-17,Andhra Pradesh,1,0,0,15.9129,79.74,0,1
177,2020-03-17,Delhi,8,0,2,28.7041,77.1025,1,8
178,2020-03-17,Haryana,1,14,0,29.0588,76.0856,0,15
179,2020-03-17,Karnataka,11,0,0,15.3173,75.7139,1,11
180,2020-03-17,Kerala,24,2,3,10.8505,76.2711,0,26
181,2020-03-17,Maharashtra,36,3,0,19.7515,75.7139,1,39
182,2020-03-17,Odisha,1,0,0,20.9517,85.0985,0,1
183,2020-03-17,Punjab,1,0,0,31.1471,75.3412,0,1
184,2020-03-17,Rajasthan,2,2,3,27.0238,74.2179,0,4
185,2020-03-17,Tamil Nadu,1,0,0,11.1271,78.6569,0,1
186,2020-03-17,Telengana,3,2,1,18.1124,79.0193,0,5
187,2020-03-17,Union Territory of Jammu and Kashmir,3,0,0,33.7782,76.5762,0,3
188,2020-03-17,Union Territory of Ladakh,6,0,0,34.2996,78.2932,0,6
189,2020-03-17,Uttar Pradesh,14,1,5,26.8467,80.9462,0,15
190,2020-03-17,Uttarakhand,1,0,0,30.0668,79.0193,0,1
191,2020-03-18,Andhra Pradesh,1,0,0,15.9129,79.74,0,1
192,2020-03-18,Delhi,9,1,2,28.7041,77.1025,1,10
193,2020-03-18,Haryana,3,14,0,29.0588,76.0856,0,17
194,2020-03-18,Karnataka,11,0,0,15.3173,75.7139,1,11
195,2020-03-18,Kerala,25,2,3,10.8505,76.2711,0,27
196,2020-03-18,Maharashtra,39,3,0,19.7515,75.7139,1,42
197,2020-03-18,Odisha,1,0,0,20.9517,85.0985,0,1
198,2020-03-18,Puducherry,1,0,0,11.9416,79.8083,0,1
199,2020-03-18,Punjab,1,0,0,31.1471,75.3412,0,1
200,2020-03-18,Rajasthan,2,2,3,27.0238,74.2179,0,4
201,2020-03-18,Tamil Nadu,1,0,0,11.1271,78.6569,0,1
202,2020-03-18,Telengana,4,2,1,18.1124,79.0193,0,6
203,2020-03-18,Union Territory of Jammu and Kashmir,3,0,0,33.7782,76.5762,0,3
204,2020-03-18,Union Territory of Ladakh,8,0,0,34.2996,78.2932,0,8
205,2020-03-18,Uttar Pradesh,15,1,5,26.8467,80.9462,0,16
206,2020-03-18,Uttarakhand,1,0,0,30.0668,79.0193,0,1
207,2020-03-18,West Bengal,1,0,0,22.9868,87.855,0,1
208,2020-03-19,Andhra Pradesh,2,0,0,15.9129,79.74,0,2
209,2020-03-19,Chhattisgarh,1,0,0,21.2787,81.8661,0,1
210,2020-03-19,Delhi,11,1,3,28.7041,77.1025,1,12
211,2020-03-19,Haryana,3,14,0,29.0588,76.0856,0,17
212,2020-03-19,Karnataka,14,0,0,15.3173,75.7139,1,14
213,2020-03-19,Kerala,25,2,3,10.8505,76.2711,0,27
214,2020-03-19,Maharashtra,44,3,0,19.7515,75.7139,1,47
215,2020-03-19,Odisha,1,0,0,20.9517,85.0985,0,1
216,2020-03-19,Puducherry,1,0,0,11.9416,79.8083,0,1
217,2020-03-19,Punjab,2,0,0,31.1471,75.3412,1,2
218,2020-03-19,Rajasthan,5,2,3,27.0238,74.2179,0,7
219,2020-03-19,Tamil Nadu,2,0,1,11.1271,78.6569,0,2
220,2020-03-19,Telengana,4,2,1,18.1124,79.0193,0,6
221,2020-03-19,Union Territory of Chandigarh,1,0,0,30.7333,76.7794,0,1
222,2020-03-19,Union Territory of Jammu and Kashmir,4,0,0,33.7782,76.5762,0,4
223,2020-03-19,Union Territory of Ladakh,8,0,0,34.2996,78.2932,0,8
224,2020-03-19,Uttar Pradesh,18,1,9,26.8467,80.9462,0,19
225,2020-03-19,Uttarakhand,1,0,0,30.0668,79.0193,0,1
226,2020-03-19,West Bengal,1,0,0,22.9868,87.855,0,1
227,2020-03-20,Andhra Pradesh,2,0,0,15.9129,79.74,0,2
228,2020-03-20,Chhattisgarh,1,0,0,21.2787,81.8661,0,1
229,2020-03-20,Delhi,16,1,3,28.7041,77.1025,1,17
230,2020-03-20,Gujarat,2,0,0,22.2587,71.1924,0,2
231,2020-03-20,Haryana,3,14,0,29.0588,76.0856,0,17
232,2020-03-20,Karnataka,15,0,0,15.3173,75.7139,1,15
233,2020-03-20,Kerala,26,2,3,10.8505,76.2711,0,28
234,2020-03-20,Maharashtra,44,3,0,19.7515,75.7139,1,47
235,2020-03-20,Odisha,1,0,0,20.9517,85.0985,0,1
236,2020-03-20,Puducherry,1,0,0,11.9416,79.8083,0,1
237,2020-03-20,Punjab,2,0,0,31.1471,75.3412,1,2
238,2020-03-20,Rajasthan,5,2,3,27.0238,74.2179,0,7
239,2020-03-20,Tamil Nadu,3,0,1,11.1271,78.6569,0,3
240,2020-03-20,Telengana,7,9,1,18.1124,79.0193,0,16
241,2020-03-20,Union Territory of Chandigarh,1,0,0,30.7333,76.7794,0,1
242,2020-03-20,Union Territory of Jammu and Kashmir,4,0,0,33.7782,76.5762,0,4
243,2020-03-20,Union Territory of Ladakh,10,0,0,34.2996,78.2932,0,10
244,2020-03-20,Uttar Pradesh,18,1,9,26.8467,80.9462,0,19
245,2020-03-20,Uttarakhand,1,0,0,30.0668,79.0193,0,1
246,2020-03-20,West Bengal,1,0,0,22.9868,87.855,0,1
247,2020-03-21,Andhra Pradesh,3,0,0,15.9129,79.74,0,3
248,2020-03-21,Chandigarh,1,0,0,30.7333,76.7794,0,1
249,2020-03-21,Chhattisgarh,1,0,0,21.2787,81.8661,0,1
250,2020-03-21,Delhi,25,1,5,28.7041,77.1025,1,26
251,2020-03-21,Gujarat,7,0,0,22.2587,71.1924,0,7
252,2020-03-21,Haryana,3,14,0,29.0588,76.0856,0,17
253,2020-03-21,Himachal Pradesh,2,0,0,31.1048,77.1734,0,2
254,2020-03-21,Jammu and Kashmir,4,0,0,33.7782,76.5762,0,4
255,2020-03-21,Karnataka,15,0,1,15.3173,75.7139,1,15
256,2020-03-21,Kerala,33,7,3,10.8505,76.2711,0,40
257,2020-03-21,Ladakh,13,0,0,34.2996,78.2932,0,13
258,2020-03-21,Madhya Pradesh,4,0,0,22.9734,78.6569,0,4
259,2020-03-21,Maharashtra,60,3,0,19.7515,75.7139,1,63
260,2020-03-21,Odisha,2,0,0,20.9517,85.0985,0,2
261,2020-03-21,Puducherry,1,0,0,11.9416,79.8083,0,1
262,2020-03-21,Punjab,13,0,0,31.1471,75.3412,1,13
263,2020-03-21,Rajasthan,15,2,3,27.0238,74.2179,0,17
264,2020-03-21,Tamil Nadu,3,0,1,11.1271,78.6569,0,3
265,2020-03-21,Telengana,10,11,1,18.1124,79.0193,0,21
266,2020-03-21,Uttar Pradesh,23,1,9,26.8467,80.9462,0,24
267,2020-03-21,Uttarakhand,3,0,0,30.0668,79.0193,0,3
268,2020-03-21,West Bengal,3,0,0,22.9868,87.855,0,3
269,2020-03-22,Andhra Pradesh,5,0,0,15.9129,79.74,0,5
270,2020-03-22,Bihar,2,0,0,25.0961,85.3131,1,2
271,2020-03-22,Chandigarh,5,0,0,30.7333,76.7794,0,5
272,2020-03-22,Chhattisgarh,1,0,0,21.2787,81.8661,0,1
273,2020-03-22,Delhi,28,1,5,28.7041,77.1025,1,29
274,2020-03-22,Gujarat,18,0,0,22.2587,71.1924,1,18
275,2020-03-22,Haryana,7,14,0,29.0588,76.0856,0,21
276,2020-03-22,Himachal Pradesh,2,0,0,31.1048,77.1734,0,2
277,2020-03-22,Jammu and Kashmir,4,0,0,33.7782,76.5762,0,4
278,2020-03-22,Karnataka,26,0,2,15.3173,75.7139,1,26
279,2020-03-22,Kerala,45,7,3,10.8505,76.2711,0,52
280,2020-03-22,Ladakh,13,0,0,34.2996,78.2932,0,13
281,2020-03-22,Madhya Pradesh,4,0,0,22.9734,78.6569,0,4
282,2020-03-22,Maharashtra,64,3,0,19.7515,75.7139,2,67
283,2020-03-22,Odisha,2,0,0,20.9517,85.0985,0,2
284,2020-03-22,Puducherry,1,0,0,11.9416,79.8083,0,1
285,2020-03-22,Punjab,21,0,0,31.1471,75.3412,1,21
286,2020-03-22,Rajasthan,22,2,3,27.0238,74.2179,0,24
287,2020-03-22,Tamil Nadu,5,2,1,11.1271,78.6569,0,7
288,2020-03-22,Telengana,11,11,1,18.1124,79.0193,0,22
289,2020-03-22,Uttar Pradesh,26,1,9,26.8467,80.9462,0,27
290,2020-03-22,Uttarakhand,3,0,0,30.0668,79.0193,0,3
291,2020-03-22,West Bengal,4,0,0,22.9868,87.855,0,4
292,2020-03-23,Andhra Pradesh,7,0,0,15.9129,79.74,0,7
293,2020-03-23,Bihar,2,0,0,25.0961,85.3131,1,2
294,2020-03-23,Chandigarh,6,0,0,30.7333,76.7794,0,6
295,2020-03-23,Chhattisgarh,1,0,0,21.2787,81.8661,0,1
296,2020-03-23,Delhi,28,1,5,28.7041,77.1025,1,29
297,2020-03-23,Gujarat,29,0,0,22.2587,71.1924,1,29
298,2020-03-23,Haryana,12,14,11,29.0588,76.0856,0,26
299,2020-03-23,Himachal Pradesh,2,0,0,31.1048,77.1734,0,2
300,2020-03-23,Jammu and Kashmir,4,0,0,33.7782,76.5762,0,4
301,2020-03-23,Karnataka,33,0,2,15.3173,75.7139,1,33
302,2020-03-23,Kerala,60,7,3,10.8505,76.2711,0,67
303,2020-03-23,Ladakh,13,0,0,34.2996,78.2932,0,13
304,2020-03-23,Madhya Pradesh,6,0,0,22.9734,78.6569,0,6
305,2020-03-23,Maharashtra,71,3,0,19.7515,75.7139,2,74
306,2020-03-23,Odisha,2,0,0,20.9517,85.0985,0,2
307,2020-03-23,Puducherry,1,0,0,11.9416,79.8083,0,1
308,2020-03-23,Punjab,21,0,0,31.1471,75.3412,1,21
309,2020-03-23,Rajasthan,26,2,3,27.0238,74.2179,0,28
310,2020-03-23,Tamil Nadu,7,2,1,11.1271,78.6569,0,9
311,2020-03-23,Telengana,22,10,1,18.1124,79.0193,0,32
312,2020-03-23,Uttar Pradesh,30,1,9,26.8467,80.9462,0,31
313,2020-03-23,Uttarakhand,3,0,0,30.0668,79.0193,0,3
314,2020-03-23,West Bengal,7,0,0,22.9868,87.855,1,7
315,2020-03-24,Andhra Pradesh,8,0,0,15.9129,79.74,0,8
316,2020-03-24,Bihar,3,0,0,25.0961,85.3131,1,3
317,2020-03-24,Chandigarh,7,0,0,30.7333,76.7794,0,7
318,2020-03-24,Chhattisgarh,1,0,0,21.2787,81.8661,0,1
319,2020-03-24,Delhi,29,1,6,28.7041,77.1025,2,30
320,2020-03-24,Gujarat,32,1,0,22.2587,71.1924,1,33
321,2020-03-24,Haryana,14,14,11,29.0588,76.0856,0,28
322,2020-03-24,Himachal Pradesh,3,0,0,31.1048,77.1734,1,3
323,2020-03-24,Jammu and Kashmir,4,0,0,33.7782,76.5762,0,4
324,2020-03-24,Karnataka,37,0,3,15.3173,75.7139,1,37
325,2020-03-24,Kerala,87,8,4,10.8505,76.2711,0,95
326,2020-03-24,Ladakh,13,0,0,34.2996,78.2932,0,13
327,2020-03-24,Madhya Pradesh,7,0,0,22.9734,78.6569,0,7
328,2020-03-24,Maharashtra,86,3,0,19.7515,75.7139,2,89
329,2020-03-24,Manipur,1,0,0,24.6637,93.9063,0,1
330,2020-03-24,Odisha,2,0,0,20.9517,85.0985,0,2
331,2020-03-24,Puducherry,1,0,0,11.9416,79.8083,0,1
332,2020-03-24,Punjab,29,0,0,31.1471,75.3412,1,29
333,2020-03-24,Rajasthan,30,2,3,27.0238,74.2179,0,32
334,2020-03-24,Tamil Nadu,13,2,1,11.1271,78.6569,0,15
335,2020-03-24,Telengana,25,10,1,18.1124,79.0193,0,35
336,2020-03-24,Uttar Pradesh,32,1,11,26.8467,80.9462,0,33
337,2020-03-24,Uttarakhand,3,1,0,30.0668,79.0193,0,4
338,2020-03-24,West Bengal,9,0,0,22.9868,87.855,1,9
339,2020-03-25,Andhra Pradesh,9,0,1,15.9129,79.74,0,9
340,2020-03-25,Bihar,4,0,0,25.0961,85.3131,1,4
341,2020-03-25,Chandigarh,7,0,0,30.7333,76.7794,0,7
342,2020-03-25,Chhattisgarh,1,0,0,21.2787,81.8661,0,1
343,2020-03-25,Delhi,30,1,6,28.7041,77.1025,1,31
344,2020-03-25,Gujarat,37,1,0,22.2587,71.1924,1,38
345,2020-03-25,Haryana,14,14,11,29.0588,76.0856,0,28
346,2020-03-25,Himachal Pradesh,3,0,0,31.1048,77.1734,1,3
347,2020-03-25,Jammu and Kashmir,7,0,1,33.7782,76.5762,0,7
348,2020-03-25,Karnataka,41,0,3,15.3173,75.7139,1,41
349,2020-03-25,Kerala,101,8,4,10.8505,76.2711,0,109
350,2020-03-25,Ladakh,13,0,0,34.2996,78.2932,0,13
351,2020-03-25,Madhya Pradesh,14,0,0,22.9734,78.6569,0,14
352,2020-03-25,Maharashtra,125,3,1,19.7515,75.7139,3,128
353,2020-03-25,Manipur,1,0,0,24.6637,93.9063,0,1
354,2020-03-25,Mizoram,1,0,0,23.1645,92.9376,0,1
355,2020-03-25,Odisha,2,0,0,20.9517,85.0985,0,2
356,2020-03-25,Puducherry,1,0,0,11.9416,79.8083,0,1
357,2020-03-25,Punjab,29,0,0,31.1471,75.3412,1,29
358,2020-03-25,Rajasthan,34,2,3,27.0238,74.2179,0,36
359,2020-03-25,Tamil Nadu,16,2,1,11.1271,78.6569,0,18
360,2020-03-25,Telengana,25,10,1,18.1124,79.0193,0,35
361,2020-03-25,Uttar Pradesh,36,1,11,26.8467,80.9462,0,37
362,2020-03-25,Uttarakhand,3,1,0,30.0668,79.0193,0,4
363,2020-03-25,West Bengal,9,0,0,22.9868,87.855,1,9
364,2020-03-26,Andaman and Nicobar Islands,1,0,0,11.7401,92.6586,0,1
365,2020-03-26,Andhra Pradesh,11,0,1,15.9129,79.74,0,11
366,2020-03-26,Bihar,6,0,0,25.0961,85.3131,1,6
367,2020-03-26,Chandigarh,7,0,0,30.7333,76.7794,0,7
368,2020-03-26,Chhattisgarh,6,0,0,21.2787,81.8661,0,6
369,2020-03-26,Delhi,35,1,6,28.7041,77.1025,1,36
370,2020-03-26,Goa,3,0,0,15.2993,74.124,0,3
371,2020-03-26,Gujarat,42,1,0,22.2587,71.1924,3,43
372,2020-03-26,Haryana,16,14,11,29.0588,76.0856,0,30
373,2020-03-26,Himachal Pradesh,3,0,0,31.1048,77.1734,1,3
374,2020-03-26,Jammu and Kashmir,13,0,1,33.7782,76.5762,1,13
375,2020-03-26,Karnataka,55,0,3,15.3173,75.7139,2,55
376,2020-03-26,Kerala,110,8,6,10.8505,76.2711,0,118
377,2020-03-26,Ladakh,13,0,0,34.2996,78.2932,0,13
378,2020-03-26,Madhya Pradesh,20,0,0,22.9734,78.6569,1,20
379,2020-03-26,Maharashtra,121,3,1,19.7515,75.7139,3,124
380,2020-03-26,Manipur,1,0,0,24.6637,93.9063,0,1
381,2020-03-26,Mizoram,1,0,0,23.1645,92.9376,0,1
382,2020-03-26,Odisha,2,0,0,20.9517,85.0985,0,2
383,2020-03-26,Puducherry,1,0,0,11.9416,79.8083,0,1
384,2020-03-26,Punjab,33,0,0,31.1471,75.3412,1,33
385,2020-03-26,Rajasthan,39,2,3,27.0238,74.2179,0,41
386,2020-03-26,Tamil Nadu,20,6,1,11.1271,78.6569,1,26
387,2020-03-26,Telengana,34,10,1,18.1124,79.0193,0,44
388,2020-03-26,Uttar Pradesh,40,1,11,26.8467,80.9462,0,41
389,2020-03-26,Uttarakhand,4,1,0,30.0668,79.0193,0,5
390,2020-03-26,West Bengal,10,0,0,22.9868,87.855,1,10
391,2020-03-27,Andaman and Nicobar Islands,1,0,0,11.7401,92.6586,0,1
392,2020-03-27,Andhra Pradesh,12,0,1,15.9129,79.74,0,12
393,2020-03-27,Bihar,6,0,0,25.0961,85.3131,1,6
394,2020-03-27,Chandigarh,7,0,0,30.7333,76.7794,0,7
395,2020-03-27,Chhattisgarh,6,0,0,21.2787,81.8661,0,6
396,2020-03-27,Delhi,35,1,6,28.7041,77.1025,1,36
397,2020-03-27,Goa,3,0,0,15.2993,74.124,0,3
398,2020-03-27,Gujarat,42,1,0,22.2587,71.1924,3,43
399,2020-03-27,Haryana,16,14,11,29.0588,76.0856,0,30
400,2020-03-27,Himachal Pradesh,3,0,0,31.1048,77.1734,1,3
401,2020-03-27,Jammu and Kashmir,13,0,1,33.7782,76.5762,1,13
402,2020-03-27,Karnataka,55,0,3,15.3173,75.7139,2,55
403,2020-03-27,Kerala,129,8,11,10.8505,76.2711,0,137
404,2020-03-27,Ladakh,13,0,3,34.2996,78.2932,0,13
405,2020-03-27,Madhya Pradesh,20,0,0,22.9734,78.6569,1,20
406,2020-03-27,Maharashtra,127,3,15,19.7515,75.7139,4,130
407,2020-03-27,Manipur,1,0,0,24.6637,93.9063,0,1
408,2020-03-27,Mizoram,1,0,0,23.1645,92.9376,0,1
409,2020-03-27,Odisha,2,0,0,20.9517,85.0985,0,2
410,2020-03-27,Puducherry,1,0,0,11.9416,79.8083,0,1
411,2020-03-27,Punjab,33,0,0,31.1471,75.3412,1,33
412,2020-03-27,Rajasthan,39,2,3,27.0238,74.2179,0,41
413,2020-03-27,Tamil Nadu,23,6,1,11.1271,78.6569,1,29
414,2020-03-27,Telengana,35,10,1,18.1124,79.0193,0,45
415,2020-03-27,Uttar Pradesh,40,1,11,26.8467,80.9462,0,41
416,2020-03-27,Uttarakhand,4,1,0,30.0668,79.0193,0,5
417,2020-03-27,West Bengal,10,0,0,22.9868,87.855,1,10
418,2020-03-28,Andaman and Nicobar Islands,6,0,0,11.7401,92.6586,0,6
419,2020-03-28,Andhra Pradesh,14,0,1,15.9129,79.74,0,14
420,2020-03-28,Bihar,9,0,0,25.0961,85.3131,1,9
421,2020-03-28,Chandigarh,8,0,0,30.7333,76.7794,0,8
422,2020-03-28,Chhattisgarh,6,0,0,21.2787,81.8661,0,6
423,2020-03-28,Delhi,38,1,6,28.7041,77.1025,1,39
424,2020-03-28,Goa,3,0,0,15.2993,74.124,0,3
425,2020-03-28,Gujarat,44,1,0,22.2587,71.1924,3,45
426,2020-03-28,Haryana,19,14,12,29.0588,76.0856,0,33
427,2020-03-28,Himachal Pradesh,3,0,0,31.1048,77.1734,1,3
428,2020-03-28,Jammu and Kashmir,20,0,1,33.7782,76.5762,1,20
429,2020-03-28,Karnataka,55,0,3,15.3173,75.7139,2,55
430,2020-03-28,Kerala,168,8,11,10.8505,76.2711,0,176
431,2020-03-28,Ladakh,13,0,3,34.2996,78.2932,0,13
432,2020-03-28,Madhya Pradesh,30,0,0,22.9734,78.6569,2,30
433,2020-03-28,Maharashtra,177,3,25,19.7515,75.7139,5,180
434,2020-03-28,Manipur,1,0,0,24.6637,93.9063,0,1
435,2020-03-28,Mizoram,1,0,0,23.1645,92.9376,0,1
436,2020-03-28,Odisha,3,0,0,20.9517,85.0985,0,3
437,2020-03-28,Puducherry,1,0,0,11.9416,79.8083,0,1
438,2020-03-28,Punjab,38,0,1,31.1471,75.3412,1,38
439,2020-03-28,Rajasthan,52,2,3,27.0238,74.2179,0,54
440,2020-03-28,Tamil Nadu,34,6,2,11.1271,78.6569,1,40
441,2020-03-28,Telengana,46,10,1,18.1124,79.0193,0,56
442,2020-03-28,Uttar Pradesh,54,1,11,26.8467,80.9462,0,55
443,2020-03-28,Uttarakhand,4,1,0,30.0668,79.0193,0,5
444,2020-03-28,West Bengal,15,0,0,22.9868,87.855,1,15
445,2020-03-29,Andaman and Nicobar Islands,9,0,0,11.7401,92.6586,0,9
446,2020-03-29,Andhra Pradesh,14,0,1,15.9129,79.74,0,14
447,2020-03-29,Bihar,9,0,0,25.0961,85.3131,1,9
448,2020-03-29,Chandigarh,8,0,0,30.7333,76.7794,0,8
449,2020-03-29,Chhattisgarh,6,0,0,21.2787,81.8661,0,6
450,2020-03-29,Delhi,38,1,6,28.7041,77.1025,2,39
451,2020-03-29,Goa,2,1,0,15.2993,74.124,0,3
452,2020-03-29,Gujarat,52,1,0,22.2587,71.1924,4,53
453,2020-03-29,Haryana,19,14,12,29.0588,76.0856,0,33
454,2020-03-29,Himachal Pradesh,3,0,0,31.1048,77.1734,1,3
455,2020-03-29,Jammu and Kashmir,31,0,1,33.7782,76.5762,1,31
456,2020-03-29,Karnataka,76,0,5,15.3173,75.7139,3,76
457,2020-03-29,Kerala,174,8,15,10.8505,76.2711,1,182
458,2020-03-29,Ladakh,13,0,3,34.2996,78.2932,0,13
459,2020-03-29,Madhya Pradesh,30,0,0,22.9734,78.6569,2,30
460,2020-03-29,Maharashtra,183,3,25,19.7515,75.7139,6,186
461,2020-03-29,Manipur,1,0,0,24.6637,93.9063,0,1
462,2020-03-29,Mizoram,1,0,0,23.1645,92.9376,0,1
463,2020-03-29,Odisha,3,0,0,20.9517,85.0985,0,3
464,2020-03-29,Puducherry,1,0,0,11.9416,79.8083,0,1
465,2020-03-29,Punjab,38,0,1,31.1471,75.3412,1,38
466,2020-03-29,Rajasthan,52,2,3,27.0238,74.2179,0,54
467,2020-03-29,Tamil Nadu,36,6,2,11.1271,78.6569,1,42
468,2020-03-29,Telengana,56,10,1,18.1124,79.0193,1,66
469,2020-03-29,Uttar Pradesh,54,1,11,26.8467,80.9462,0,55
470,2020-03-29,Uttarakhand,5,1,1,30.0668,79.0193,0,6
471,2020-03-29,West Bengal,18,0,0,22.9868,87.855,1,18
472,2020-03-30,Andaman and Nicobar Islands,0,0,0,11.7401,92.6586,0,9
473,2020-03-30,Andhra Pradesh,0,0,1,15.9129,79.74,0,19
474,2020-03-30,Bihar,0,0,0,25.0961,85.3131,1,11
475,2020-03-30,Chandigarh,0,0,0,30.7333,76.7794,0,8
476,2020-03-30,Chhattisgarh,0,0,0,21.2787,81.8661,0,7
477,2020-03-30,Delhi,0,0,6,28.7041,77.1025,2,53
478,2020-03-30,Goa,0,0,0,15.2993,74.124,0,5
479,2020-03-30,Gujarat,0,0,1,22.2587,71.1924,5,58
480,2020-03-30,Haryana,0,0,17,29.0588,76.0856,0,33
481,2020-03-30,Himachal Pradesh,0,0,0,31.1048,77.1734,1,3
482,2020-03-30,Jammu and Kashmir,0,0,1,33.7782,76.5762,2,31
483,2020-03-30,Karnataka,0,0,5,15.3173,75.7139,3,80
484,2020-03-30,Kerala,0,0,19,10.8505,76.2711,1,194
485,2020-03-30,Ladakh,0,0,3,34.2996,78.2932,0,13
486,2020-03-30,Madhya Pradesh,0,0,0,22.9734,78.6569,2,33
487,2020-03-30,Maharashtra,0,0,25,19.7515,75.7139,8,193
488,2020-03-30,Manipur,0,0,0,24.6637,93.9063,0,1
489,2020-03-30,Mizoram,0,0,0,23.1645,92.9376,0,1
490,2020-03-30,Odisha,0,0,0,20.9517,85.0985,0,3
491,2020-03-30,Puducherry,0,0,0,11.9416,79.8083,0,1
492,2020-03-30,Punjab,0,0,1,31.1471,75.3412,1,38
493,2020-03-30,Rajasthan,0,0,3,27.0238,74.2179,0,57
494,2020-03-30,Tamil Nadu,0,0,4,11.1271,78.6569,1,50
495,2020-03-30,Telengana,0,0,1,18.1124,79.0193,1,69
496,2020-03-30,Uttar Pradesh,0,0,11,26.8467,80.9462,0,75
497,2020-03-30,Uttarakhand,0,0,2,30.0668,79.0193,0,7
498,2020-03-30,West Bengal,0,0,0,22.9868,87.855,1,19
499,2020-03-31,Andaman and Nicobar Islands,0,0,0,11.7401,92.6586,0,10
500,2020-03-31,Andhra Pradesh,0,0,1,15.9129,79.74,0,40
501,2020-03-31,Bihar,0,0,0,25.0961,85.3131,1,15
502,2020-03-31,Chandigarh,0,0,0,30.7333,76.7794,0,13
503,2020-03-31,Chhattisgarh,0,0,0,21.2787,81.8661,0,8
504,2020-03-31,Delhi,0,0,6,28.7041,77.1025,2,97
505,2020-03-31,Goa,0,0,0,15.2993,74.124,0,5
506,2020-03-31,Gujarat,0,0,3,22.2587,71.1924,6,73
507,2020-03-31,Haryana,0,0,21,29.0588,76.0856,0,40
508,2020-03-31,Himachal Pradesh,0,0,0,31.1048,77.1734,1,3
509,2020-03-31,Jammu and Kashmir,0,0,2,33.7782,76.5762,2,54
510,2020-03-31,Karnataka,0,0,5,15.3173,75.7139,3,83
511,2020-03-31,Kerala,0,0,19,10.8505,76.2711,1,234
512,2020-03-31,Ladakh,0,0,3,34.2996,78.2932,0,13
513,2020-03-31,Madhya Pradesh,0,0,0,22.9734,78.6569,3,47
514,2020-03-31,Maharashtra,0,0,39,19.7515,75.7139,9,216
515,2020-03-31,Manipur,0,0,0,24.6637,93.9063,0,1
516,2020-03-31,Mizoram,0,0,0,23.1645,92.9376,0,1
517,2020-03-31,Odisha,0,0,0,20.9517,85.0985,0,3
518,2020-03-31,Puducherry,0,0,0,11.9416,79.8083,0,1
519,2020-03-31,Punjab,0,0,1,31.1471,75.3412,3,41
520,2020-03-31,Rajasthan,0,0,3,27.0238,74.2179,0,74
521,2020-03-31,Tamil Nadu,0,0,4,11.1271,78.6569,1,74
522,2020-03-31,Telengana,0,0,1,18.1124,79.0193,1,79
523,2020-03-31,Uttar Pradesh,0,0,14,26.8467,80.9462,0,101
524,2020-03-31,Uttarakhand,0,0,2,30.0668,79.0193,0,7
525,2020-03-31,West Bengal,0,0,0,22.9868,87.855,2,26
526,2020-04-01,Andaman and Nicobar Islands,0,0,1,11.7401,92.6586,0,10
527,2020-04-01,Andhra Pradesh,0,0,0,15.9129,79.74,0,83
528,2020-04-01,Assam,0,0,0,26.2006,92.9376,0,1
529,2020-04-01,Bihar,0,0,0,25.0961,85.3131,1,23
530,2020-04-01,Chandigarh,0,0,0,30.7333,76.7794,0,16
531,2020-04-01,Chhattisgarh,0,0,2,21.2787,81.8661,0,9
532,2020-04-01,Delhi,0,0,6,28.7041,77.1025,2,152
533,2020-04-01,Goa,0,0,0,15.2993,74.124,0,5
534,2020-04-01,Gujarat,0,0,5,22.2587,71.1924,6,82
535,2020-04-01,Haryana,0,0,21,29.0588,76.0856,0,43
536,2020-04-01,Himachal Pradesh,0,0,0,31.1048,77.1734,1,3
537,2020-04-01,Jammu and Kashmir,0,0,2,33.7782,76.5762,2,62
538,2020-04-01,Jharkhand,0,0,0,23.6102,85.2799,0,1
539,2020-04-01,Karnataka,0,0,8,15.3173,75.7139,3,101
540,2020-04-01,Kerala,0,0,23,10.8505,76.2711,2,241
541,2020-04-01,Ladakh,0,0,3,34.2996,78.2932,0,13
542,2020-04-01,Madhya Pradesh,0,0,0,22.9734,78.6569,3,66
543,2020-04-01,Maharashtra,0,0,39,19.7515,75.7139,9,302
544,2020-04-01,Manipur,0,0,0,24.6637,93.9063,0,1
545,2020-04-01,Mizoram,0,0,0,23.1645,92.9376,0,1
546,2020-04-01,Odisha,0,0,0,20.9517,85.0985,0,4
547,2020-04-01,Puducherry,0,0,1,11.9416,79.8083,0,3
548,2020-04-01,Punjab,0,0,1,31.1471,75.3412,3,42
549,2020-04-01,Rajasthan,0,0,3,27.0238,74.2179,0,93
550,2020-04-01,Tamil Nadu,0,0,6,11.1271,78.6569,1,234
551,2020-04-01,Telengana,0,0,1,18.1124,79.0193,3,96
552,2020-04-01,Uttar Pradesh,0,0,14,26.8467,80.9462,2,103
553,2020-04-01,Uttarakhand,0,0,2,30.0668,79.0193,0,7
554,2020-04-02,Andaman and Nicobar Islands,0,0,0,11.7401,92.6586,0,10
555,2020-04-02,Andhra Pradesh,0,0,1,15.9129,79.74,1,86
556,2020-04-02,Assam,0,0,0,26.2006,92.9376,0,1
557,2020-04-02,Bihar,0,0,0,25.0961,85.3131,1,23
558,2020-04-02,Chandigarh,0,0,0,30.7333,76.7794,0,16
559,2020-04-02,Chhattisgarh,0,0,2,21.2787,81.8661,0,9
560,2020-04-02,Delhi,0,0,6,28.7041,77.1025,2,152
561,2020-04-02,Goa,0,0,0,15.2993,74.124,0,5
562,2020-04-02,Gujarat,0,0,5,22.2587,71.1924,6,82
563,2020-04-02,Haryana,0,0,21,29.0588,76.0856,0,43
564,2020-04-02,Himachal Pradesh,0,0,1,31.1048,77.1734,1,3
565,2020-04-02,Jammu and Kashmir,0,0,2,33.7782,76.5762,2,62
566,2020-04-02,Jharkhand,0,0,0,23.6102,85.2799,0,1
567,2020-04-02,Karnataka,0,0,9,15.3173,75.7139,3,110
568,2020-04-02,Kerala,0,0,25,10.8505,76.2711,2,265
569,2020-04-02,Ladakh,0,0,3,34.2996,78.2932,0,13
570,2020-04-02,Madhya Pradesh,0,0,0,22.9734,78.6569,6,99
571,2020-04-02,Maharashtra,0,0,42,19.7515,75.7139,13,335
572,2020-04-02,Manipur,0,0,0,24.6637,93.9063,0,1
573,2020-04-02,Mizoram,0,0,0,23.1645,92.9376,0,1
574,2020-04-02,Odisha,0,0,0,20.9517,85.0985,0,4
575,2020-04-02,Puducherry,0,0,1,11.9416,79.8083,0,3
576,2020-04-02,Punjab,0,0,1,31.1471,75.3412,4,46
577,2020-04-02,Rajasthan,0,0,3,27.0238,74.2179,0,108
578,2020-04-02,Tamil Nadu,0,0,6,11.1271,78.6569,1,234
579,2020-04-02,Telengana,0,0,1,18.1124,79.0193,3,96
580,2020-04-02,Uttar Pradesh,0,0,14,26.8467,80.9462,2,113
581,2020-04-02,Uttarakhand,0,0,2,30.0668,79.0193,0,7
582,2020-04-03,Andaman and Nicobar Islands,0,0,0,11.7401,92.6586,0,10
583,2020-04-03,Andhra Pradesh,0,0,1,15.9129,79.74,1,132
584,2020-04-03,Arunachal Pradesh,0,0,0,28.218000000000004,94.7278,0,1
585,2020-04-03,Assam,0,0,0,26.2006,92.9376,0,16
586,2020-04-03,Bihar,0,0,0,25.0961,85.3131,1,24
587,2020-04-03,Chandigarh,0,0,0,30.7333,76.7794,0,18
588,2020-04-03,Chhattisgarh,0,0,2,21.2787,81.8661,0,9
589,2020-04-03,Delhi,0,0,8,28.7041,77.1025,4,219
590,2020-04-03,Goa,0,0,0,15.2993,74.124,0,6
591,2020-04-03,Gujarat,0,0,8,22.2587,71.1924,7,87
592,2020-04-03,Haryana,0,0,21,29.0588,76.0856,0,43
593,2020-04-03,Himachal Pradesh,0,0,1,31.1048,77.1734,1,6
594,2020-04-03,Jammu and Kashmir,0,0,3,33.7782,76.5762,2,70
595,2020-04-03,Jharkhand,0,0,0,23.6102,85.2799,0,2
596,2020-04-03,Karnataka,0,0,10,15.3173,75.7139,3,124
597,2020-04-03,Kerala,0,0,27,10.8505,76.2711,2,286
598,2020-04-03,Ladakh,0,0,3,34.2996,78.2932,0,14
599,2020-04-03,Madhya Pradesh,0,0,0,22.9734,78.6569,6,99
600,2020-04-03,Maharashtra,0,0,42,19.7515,75.7139,16,335
601,2020-04-03,Manipur,0,0,0,24.6637,93.9063,0,2
602,2020-04-03,Mizoram,0,0,0,23.1645,92.9376,0,1
603,2020-04-03,Odisha,0,0,0,20.9517,85.0985,0,5
604,2020-04-03,Puducherry,0,0,1,11.9416,79.8083,0,3
605,2020-04-03,Punjab,0,0,1,31.1471,75.3412,4,46
606,2020-04-03,Rajasthan,0,0,3,27.0238,74.2179,0,133
607,2020-04-03,Tamil Nadu,0,0,6,11.1271,78.6569,1,309
608,2020-04-03,Telengana,0,0,1,18.1124,79.0193,3,107
609,2020-04-03,Uttar Pradesh,0,0,14,26.8467,80.9462,2,113
610,2020-04-03,Uttarakhand,0,0,2,30.0668,79.0193,0,10
611,2020-04-03,West Bengal,0,0,3,22.9868,87.855,3,53
612,2020-04-04,Andaman and Nicobar Islands,0,0,0,11.7401,92.6586,0,10
613,2020-04-04,Andhra Pradesh,0,0,1,15.9129,79.74,1,161
614,2020-04-04,Arunachal Pradesh,0,0,0,28.218000000000004,94.7278,0,1
615,2020-04-04,Assam,0,0,0,26.2006,92.9376,0,24
616,2020-04-04,Bihar,0,0,0,25.0961,85.3131,1,29
617,2020-04-04,Chandigarh,0,0,0,30.7333,76.7794,0,18
618,2020-04-04,Chhattisgarh,0,0,3,21.2787,81.8661,0,9
619,2020-04-04,Delhi,0,0,8,28.7041,77.1025,6,386
620,2020-04-04,Goa,0,0,0,15.2993,74.124,0,6
621,2020-04-04,Gujarat,0,0,10,22.2587,71.1924,9,95
622,2020-04-04,Haryana,0,0,24,29.0588,76.0856,0,49
623,2020-04-04,Himachal Pradesh,0,0,1,31.1048,77.1734,1,6
624,2020-04-04,Jammu and Kashmir,0,0,3,33.7782,76.5762,2,75
625,2020-04-04,Jharkhand,0,0,0,23.6102,85.2799,0,2
626,2020-04-04,Karnataka,0,0,12,15.3173,75.7139,3,128
627,2020-04-04,Kerala,0,0,41,10.8505,76.2711,2,295
628,2020-04-04,Ladakh,0,0,3,34.2996,78.2932,0,14
629,2020-04-04,Madhya Pradesh,0,0,0,22.9734,78.6569,6,104
630,2020-04-04,Maharashtra,0,0,42,19.7515,75.7139,19,423
631,2020-04-04,Manipur,0,0,0,24.6637,93.9063,0,2
632,2020-04-04,Mizoram,0,0,0,23.1645,92.9376,0,1
633,2020-04-04,Odisha,0,0,0,20.9517,85.0985,0,5
634,2020-04-04,Puducherry,0,0,1,11.9416,79.8083,0,5
635,2020-04-04,Punjab,0,0,1,31.1471,75.3412,5,53
636,2020-04-04,Rajasthan,0,0,3,27.0238,74.2179,0,179
637,2020-04-04,Tamil Nadu,0,0,6,11.1271,78.6569,1,411
638,2020-04-04,Telengana,0,0,1,18.1124,79.0193,7,158
639,2020-04-04,Uttar Pradesh,0,0,19,26.8467,80.9462,2,174
640,2020-04-04,Uttarakhand,0,0,2,30.0668,79.0193,0,16
641,2020-04-04,West Bengal,0,0,3,22.9868,87.855,3,69
642,2020-04-05,Andaman and Nicobar Islands,0,0,0,11.7401,92.6586,0,10
643,2020-04-05,Andhra Pradesh,0,0,1,15.9129,79.74,1,161
644,2020-04-05,Arunachal Pradesh,0,0,0,28.218000000000004,94.7278,0,1
645,2020-04-05,Assam,0,0,0,26.2006,92.9376,0,24
646,2020-04-05,Bihar,0,0,0,25.0961,85.3131,1,30
647,2020-04-05,Chandigarh,0,0,0,30.7333,76.7794,0,18
648,2020-04-05,Chhattisgarh,0,0,3,21.2787,81.8661,0,9
649,2020-04-05,Delhi,0,0,15,28.7041,77.1025,6,445
650,2020-04-05,Goa,0,0,0,15.2993,74.124,0,7
651,2020-04-05,Gujarat,0,0,14,22.2587,71.1924,10,105
652,2020-04-05,Haryana,0,0,24,29.0588,76.0856,0,49
653,2020-04-05,Himachal Pradesh,0,0,1,31.1048,77.1734,1,6
654,2020-04-05,Jammu and Kashmir,0,0,4,33.7782,76.5762,2,92
655,2020-04-05,Jharkhand,0,0,0,23.6102,85.2799,0,2
656,2020-04-05,Karnataka,0,0,12,15.3173,75.7139,4,144
657,2020-04-05,Kerala,0,0,49,10.8505,76.2711,2,306
658,2020-04-05,Ladakh,0,0,10,34.2996,78.2932,0,14
659,2020-04-05,Madhya Pradesh,0,0,0,22.9734,78.6569,6,104
660,2020-04-05,Maharashtra,0,0,42,19.7515,75.7139,24,490
661,2020-04-05,Manipur,0,0,0,24.6637,93.9063,0,2
662,2020-04-05,Mizoram,0,0,0,23.1645,92.9376,0,1
663,2020-04-05,Odisha,0,0,0,20.9517,85.0985,0,20
664,2020-04-05,Puducherry,0,0,1,11.9416,79.8083,0,5
665,2020-04-05,Punjab,0,0,1,31.1471,75.3412,5,57
666,2020-04-05,Rajasthan,0,0,21,27.0238,74.2179,0,200
667,2020-04-05,Tamil Nadu,0,0,6,11.1271,78.6569,3,485
668,2020-04-05,Telengana,0,0,32,18.1124,79.0193,7,269
669,2020-04-05,Uttar Pradesh,0,0,19,26.8467,80.9462,2,227
670,2020-04-05,Uttarakhand,0,0,2,30.0668,79.0193,0,22
671,2020-04-05,West Bengal,0,0,10,22.9868,87.855,3,69
672,2020-04-06,Andaman and Nicobar Islands,0,0,0,11.7401,92.6586,0,10
673,2020-04-06,Andhra Pradesh,0,0,1,15.9129,79.74,3,226
674,2020-04-06,Arunachal Pradesh,0,0,0,28.218000000000004,94.7278,0,1
675,2020-04-06,Assam,0,0,0,26.2006,92.9376,0,26
676,2020-04-06,Bihar,0,0,0,25.0961,85.3131,1,30
677,2020-04-06,Chandigarh,0,0,0,30.7333,76.7794,0,18
678,2020-04-06,Chhattisgarh,0,0,3,21.2787,81.8661,0,9
679,2020-04-06,Delhi,0,0,18,28.7041,77.1025,7,503
680,2020-04-06,Goa,0,0,0,15.2993,74.124,0,7
681,2020-04-06,Gujarat,0,0,18,22.2587,71.1924,11,122
682,2020-04-06,Haryana,0,0,25,29.0588,76.0856,1,84
683,2020-04-06,Himachal Pradesh,0,0,1,31.1048,77.1734,1,13
684,2020-04-06,Jammu and Kashmir,0,0,4,33.7782,76.5762,2,106
685,2020-04-06,Jharkhand,0,0,0,23.6102,85.2799,0,3
686,2020-04-06,Karnataka,0,0,12,15.3173,75.7139,4,151
687,2020-04-06,Kerala,0,0,55,10.8505,76.2711,2,314
688,2020-04-06,Ladakh,0,0,10,34.2996,78.2932,0,14
689,2020-04-06,Madhya Pradesh,0,0,0,22.9734,78.6569,9,165
690,2020-04-06,Maharashtra,0,0,42,19.7515,75.7139,45,690
691,2020-04-06,Manipur,0,0,0,24.6637,93.9063,0,2
692,2020-04-06,Mizoram,0,0,0,23.1645,92.9376,0,1
693,2020-04-06,Odisha,0,0,2,20.9517,85.0985,0,21
694,2020-04-06,Puducherry,0,0,1,11.9416,79.8083,0,5
695,2020-04-06,Punjab,0,0,4,31.1471,75.3412,6,68
696,2020-04-06,Rajasthan,0,0,21,27.0238,74.2179,0,253
697,2020-04-06,Tamil Nadu,0,0,8,11.1271,78.6569,5,571
698,2020-04-06,Telengana,0,0,34,18.1124,79.0193,7,321
699,2020-04-06,Uttar Pradesh,0,0,19,26.8467,80.9462,2,227
700,2020-04-06,Uttarakhand,0,0,4,30.0668,79.0193,0,26
701,2020-04-06,West Bengal,0,0,10,22.9868,87.855,3,80
702,2020-04-07,Andaman and Nicobar Islands,0,0,0,11.7401,92.6586,0,10
703,2020-04-07,Andhra Pradesh,0,0,1,15.9129,79.74,3,266
704,2020-04-07,Arunachal Pradesh,0,0,0,28.218000000000004,94.7278,0,1
705,2020-04-07,Assam,0,0,0,26.2006,92.9376,0,26
706,2020-04-07,Bihar,0,0,0,25.0961,85.3131,1,32
707,2020-04-07,Chandigarh,0,0,0,30.7333,76.7794,0,18
708,2020-04-07,Chhattisgarh,0,0,8,21.2787,81.8661,0,10
709,2020-04-07,Delhi,0,0,19,28.7041,77.1025,7,523
710,2020-04-07,Goa,0,0,0,15.2993,74.124,0,7
711,2020-04-07,Gujarat,0,0,22,22.2587,71.1924,12,144
712,2020-04-07,Haryana,0,0,25,29.0588,76.0856,1,90
713,2020-04-07,Himachal Pradesh,0,0,2,31.1048,77.1734,1,13
714,2020-04-07,Jammu and Kashmir,0,0,4,33.7782,76.5762,2,109
715,2020-04-07,Jharkhand,0,0,0,23.6102,85.2799,0,4
716,2020-04-07,Karnataka,0,0,12,15.3173,75.7139,4,151
717,2020-04-07,Kerala,0,0,58,10.8505,76.2711,2,327
718,2020-04-07,Ladakh,0,0,10,34.2996,78.2932,0,14
719,2020-04-07,Madhya Pradesh,0,0,0,22.9734,78.6569,9,165
720,2020-04-07,Maharashtra,0,0,56,19.7515,75.7139,45,748
721,2020-04-07,Manipur,0,0,0,24.6637,93.9063,0,2
722,2020-04-07,Mizoram,0,0,0,23.1645,92.9376,0,1
723,2020-04-07,Odisha,0,0,2,20.9517,85.0985,0,21
724,2020-04-07,Puducherry,0,0,1,11.9416,79.8083,0,5
725,2020-04-07,Punjab,0,0,4,31.1471,75.3412,6,76
726,2020-04-07,Rajasthan,0,0,21,27.0238,74.2179,3,288
727,2020-04-07,Tamil Nadu,0,0,8,11.1271,78.6569,5,621
728,2020-04-07,Telengana,0,0,34,18.1124,79.0193,7,321
729,2020-04-07,Tripura,0,0,0,23.9408,91.9882,0,1
730,2020-04-07,Uttar Pradesh,0,0,21,26.8467,80.9462,3,305
731,2020-04-07,Uttarakhand,0,0,5,30.0668,79.0193,0,31
732,2020-04-07,West Bengal,0,0,13,22.9868,87.855,3,91
733,2020-04-08,Andaman and Nicobar Islands,0,0,0,11.7401,92.6586,0,10
734,2020-04-08,Andhra Pradesh,0,0,1,15.9129,79.74,4,305
735,2020-04-08,Arunachal Pradesh,0,0,0,28.218000000000004,94.7278,0,1
736,2020-04-08,Assam,0,0,0,26.2006,92.9376,0,27
737,2020-04-08,Bihar,0,0,0,25.0961,85.3131,1,38
738,2020-04-08,Chandigarh,0,0,7,30.7333,76.7794,0,18
739,2020-04-08,Chhattisgarh,0,0,9,21.2787,81.8661,0,10
740,2020-04-08,Delhi,0,0,21,28.7041,77.1025,9,576
741,2020-04-08,Goa,0,0,0,15.2993,74.124,0,7
742,2020-04-08,Gujarat,0,0,25,22.2587,71.1924,13,165
743,2020-04-08,Haryana,0,0,28,29.0588,76.0856,3,147
744,2020-04-08,Himachal Pradesh,0,0,2,31.1048,77.1734,1,18
745,2020-04-08,Jammu and Kashmir,0,0,4,33.7782,76.5762,2,116
746,2020-04-08,Jharkhand,0,0,0,23.6102,85.2799,0,4
747,2020-04-08,Karnataka,0,0,25,15.3173,75.7139,4,175
748,2020-04-08,Kerala,0,0,70,10.8505,76.2711,2,336
749,2020-04-08,Ladakh,0,0,10,34.2996,78.2932,0,14
750,2020-04-08,Madhya Pradesh,0,0,0,22.9734,78.6569,13,229
751,2020-04-08,Maharashtra,0,0,79,19.7515,75.7139,64,1018
752,2020-04-08,Manipur,0,0,0,24.6637,93.9063,0,2
753,2020-04-08,Mizoram,0,0,0,23.1645,92.9376,0,1
754,2020-04-08,Odisha,0,0,2,20.9517,85.0985,1,42
755,2020-04-08,Puducherry,0,0,1,11.9416,79.8083,0,5
756,2020-04-08,Punjab,0,0,4,31.1471,75.3412,7,91
757,2020-04-08,Rajasthan,0,0,21,27.0238,74.2179,3,328
758,2020-04-08,Tamil Nadu,0,0,19,11.1271,78.6569,7,690
759,2020-04-08,Telengana,0,0,35,18.1124,79.0193,7,364
760,2020-04-08,Tripura,0,0,0,23.9408,91.9882,0,1
761,2020-04-08,Uttar Pradesh,0,0,21,26.8467,80.9462,3,326
762,2020-04-08,Uttarakhand,0,0,5,30.0668,79.0193,0,31
763,2020-04-08,West Bengal,0,0,13,22.9868,87.855,5,99
764,2020-04-09,Andaman and Nicobar Islands,0,0,0,11.7401,92.6586,0,11
765,2020-04-09,Andhra Pradesh,0,0,6,15.9129,79.74,4,348
766,2020-04-09,Arunachal Pradesh,0,0,0,28.218000000000004,94.7278,0,1
767,2020-04-09,Assam,0,0,0,26.2006,92.9376,0,28
768,2020-04-09,Bihar,0,0,0,25.0961,85.3131,1,38
769,2020-04-09,Chandigarh,0,0,7,30.7333,76.7794,0,18
770,2020-04-09,Chhattisgarh,0,0,9,21.2787,81.8661,0,10
771,2020-04-09,Delhi,0,0,21,28.7041,77.1025,9,669
772,2020-04-09,Goa,0,0,0,15.2993,74.124,0,7
773,2020-04-09,Gujarat,0,0,25,22.2587,71.1924,16,179
774,2020-04-09,Haryana,0,0,28,29.0588,76.0856,3,147
775,2020-04-09,Himachal Pradesh,0,0,2,31.1048,77.1734,1,18
776,2020-04-09,Jammu and Kashmir,0,0,4,33.7782,76.5762,4,158
777,2020-04-09,Jharkhand,0,0,0,23.6102,85.2799,0,4
778,2020-04-09,Karnataka,0,0,28,15.3173,75.7139,5,181
779,2020-04-09,Kerala,0,0,83,10.8505,76.2711,2,345
780,2020-04-09,Ladakh,0,0,10,34.2996,78.2932,0,14
781,2020-04-09,Madhya Pradesh,0,0,0,22.9734,78.6569,13,229
782,2020-04-09,Maharashtra,0,0,117,19.7515,75.7139,72,1135
783,2020-04-09,Manipur,0,0,1,24.6637,93.9063,0,1
784,2020-04-09,Mizoram,0,0,0,23.1645,92.9376,0,1
785,2020-04-09,Odisha,0,0,2,20.9517,85.0985,1,42
786,2020-04-09,Puducherry,0,0,1,11.9416,79.8083,0,5
787,2020-04-09,Punjab,0,0,4,31.1471,75.3412,8,101
788,2020-04-09,Rajasthan,0,0,21,27.0238,74.2179,3,381
789,2020-04-09,Tamil Nadu,0,0,21,11.1271,78.6569,8,738
790,2020-04-09,Telengana,0,0,35,18.1124,79.0193,7,427
791,2020-04-09,Tripura,0,0,0,23.9408,91.9882,0,1
792,2020-04-09,Uttar Pradesh,0,0,27,26.8467,80.9462,4,361
793,2020-04-09,Uttarakhand,0,0,5,30.0668,79.0193,0,33
794,2020-04-09,West Bengal,0,0,16,22.9868,87.855,5,103
795,2020-04-10,Andaman and Nicobar Islands,0,0,0,11.7401,92.6586,0,11
796,2020-04-10,Andhra Pradesh,0,0,6,15.9129,79.74,4,348
797,2020-04-10,Arunachal Pradesh,0,0,0,28.218000000000004,94.7278,0,1
798,2020-04-10,Assam,0,0,0,26.2006,92.9376,0,29
799,2020-04-10,Bihar,0,0,0,25.0961,85.3131,1,39
800,2020-04-10,Chandigarh,0,0,7,30.7333,76.7794,0,18
801,2020-04-10,Chhattisgarh,0,0,9,21.2787,81.8661,0,10
802,2020-04-10,Delhi,0,0,25,28.7041,77.1025,12,720
803,2020-04-10,Goa,0,0,0,15.2993,74.124,0,7
804,2020-04-10,Gujarat,0,0,26,22.2587,71.1924,17,241
805,2020-04-10,Haryana,0,0,29,29.0588,76.0856,3,169
806,2020-04-10,Himachal Pradesh,0,0,2,31.1048,77.1734,1,18
807,2020-04-10,Jammu and Kashmir,0,0,4,33.7782,76.5762,4,158
808,2020-04-10,Jharkhand,0,0,0,23.6102,85.2799,1,13
809,2020-04-10,Karnataka,0,0,28,15.3173,75.7139,5,181
810,2020-04-10,Kerala,0,0,96,10.8505,76.2711,2,357
811,2020-04-10,Ladakh,0,0,10,34.2996,78.2932,0,15
812,2020-04-10,Madhya Pradesh,0,0,0,22.9734,78.6569,16,259
813,2020-04-10,Maharashtra,0,0,125,19.7515,75.7139,97,1364
814,2020-04-10,Manipur,0,0,1,24.6637,93.9063,0,2
815,2020-04-10,Mizoram,0,0,0,23.1645,92.9376,0,1
816,2020-04-10,Odisha,0,0,2,20.9517,85.0985,1,44
817,2020-04-10,Puducherry,0,0,1,11.9416,79.8083,0,5
818,2020-04-10,Punjab,0,0,4,31.1471,75.3412,8,101
819,2020-04-10,Rajasthan,0,0,21,27.0238,74.2179,3,463
820,2020-04-10,Tamil Nadu,0,0,21,11.1271,78.6569,8,834
821,2020-04-10,Telengana,0,0,35,18.1124,79.0193,7,442
822,2020-04-10,Tripura,0,0,0,23.9408,91.9882,0,1
823,2020-04-10,Uttar Pradesh,0,0,31,26.8467,80.9462,4,410
824,2020-04-10,Uttarakhand,0,0,5,30.0668,79.0193,0,35
825,2020-04-10,West Bengal,0,0,16,22.9868,87.855,5,116
826,2020-04-11,Andaman and Nicobar Islands,0,0,0,11.7401,92.6586,0,11
827,2020-04-11,Andhra Pradesh,0,0,7,15.9129,79.74,6,363
828,2020-04-11,Arunachal Pradesh,0,0,0,28.218000000000004,94.7278,0,1
829,2020-04-11,Assam,0,0,0,26.2006,92.9376,1,29
830,2020-04-11,Bihar,0,0,0,25.0961,85.3131,1,60
831,2020-04-11,Chandigarh,0,0,7,30.7333,76.7794,0,18
832,2020-04-11,Chhattisgarh,0,0,9,21.2787,81.8661,0,18
833,2020-04-11,Delhi,0,0,25,28.7041,77.1025,13,903
834,2020-04-11,Goa,0,0,1,15.2993,74.124,0,7
835,2020-04-11,Gujarat,0,0,31,22.2587,71.1924,19,308
836,2020-04-11,Haryana,0,0,29,29.0588,76.0856,3,177
837,2020-04-11,Himachal Pradesh,0,0,6,31.1048,77.1734,1,28
838,2020-04-11,Jammu and Kashmir,0,0,6,33.7782,76.5762,4,207
839,2020-04-11,Jharkhand,0,0,0,23.6102,85.2799,1,14
840,2020-04-11,Karnataka,0,0,31,15.3173,75.7139,6,207
841,2020-04-11,Kerala,0,0,123,10.8505,76.2711,2,364
842,2020-04-11,Ladakh,0,0,10,34.2996,78.2932,0,15
843,2020-04-11,Madhya Pradesh,0,0,0,22.9734,78.6569,33,435
844,2020-04-11,Maharashtra,0,0,188,19.7515,75.7139,110,1574
845,2020-04-11,Manipur,0,0,1,24.6637,93.9063,0,2
846,2020-04-11,Mizoram,0,0,0,23.1645,92.9376,0,1
847,2020-04-11,Odisha,0,0,2,20.9517,85.0985,1,48
848,2020-04-11,Puducherry,0,0,1,11.9416,79.8083,0,5
849,2020-04-11,Punjab,0,0,5,31.1471,75.3412,11,132
850,2020-04-11,Rajasthan,0,0,21,27.0238,74.2179,3,553
851,2020-04-11,Tamil Nadu,0,0,44,11.1271,78.6569,8,911
852,2020-04-11,Telengana,0,0,43,18.1124,79.0193,7,473
853,2020-04-11,Tripura,0,0,0,23.9408,91.9882,0,1
854,2020-04-11,Uttar Pradesh,0,0,32,26.8467,80.9462,4,431
855,2020-04-11,Uttarakhand,0,0,5,30.0668,79.0193,0,35
856,2020-04-11,West Bengal,0,0,16,22.9868,87.855,5,116
857,2020-04-12,Andaman and Nicobar Islands,0,0,10,11.7401,92.6586,0,11
858,2020-04-12,Andhra Pradesh,0,0,11,15.9129,79.74,6,381
859,2020-04-12,Arunachal Pradesh,0,0,0,28.218000000000004,94.7278,0,1
860,2020-04-12,Assam,0,0,0,26.2006,92.9376,1,29
861,2020-04-12,Bihar,0,0,0,25.0961,85.3131,1,63
862,2020-04-12,Chandigarh,0,0,7,30.7333,76.7794,0,19
863,2020-04-12,Chhattisgarh,0,0,9,21.2787,81.8661,0,18
864,2020-04-12,Delhi,0,0,25,28.7041,77.1025,19,1069
865,2020-04-12,Goa,0,0,5,15.2993,74.124,0,7
866,2020-04-12,Gujarat,0,0,44,22.2587,71.1924,22,432
867,2020-04-12,Haryana,0,0,29,29.0588,76.0856,3,177
868,2020-04-12,Himachal Pradesh,0,0,6,31.1048,77.1734,1,32
869,2020-04-12,Jammu and Kashmir,0,0,6,33.7782,76.5762,4,207
870,2020-04-12,Jharkhand,0,0,0,23.6102,85.2799,1,17
871,2020-04-12,Karnataka,0,0,37,15.3173,75.7139,6,214
872,2020-04-12,Kerala,0,0,123,10.8505,76.2711,2,364
873,2020-04-12,Ladakh,0,0,10,34.2996,78.2932,0,15
874,2020-04-12,Madhya Pradesh,0,0,0,22.9734,78.6569,36,532
875,2020-04-12,Maharashtra,0,0,208,19.7515,75.7139,127,1761
876,2020-04-12,Manipur,0,0,1,24.6637,93.9063,0,2
877,2020-04-12,Mizoram,0,0,0,23.1645,92.9376,0,1
878,2020-04-12,Odisha,0,0,2,20.9517,85.0985,1,50
879,2020-04-12,Puducherry,0,0,1,11.9416,79.8083,0,7
880,2020-04-12,Punjab,0,0,5,31.1471,75.3412,11,151
881,2020-04-12,Rajasthan,0,0,21,27.0238,74.2179,3,700
882,2020-04-12,Tamil Nadu,0,0,44,11.1271,78.6569,10,969
883,2020-04-12,Telengana,0,0,43,18.1124,79.0193,9,504
884,2020-04-12,Tripura,0,0,0,23.9408,91.9882,0,2
885,2020-04-12,Uttar Pradesh,0,0,45,26.8467,80.9462,5,452
886,2020-04-12,Uttarakhand,0,0,5,30.0668,79.0193,0,35
887,2020-04-12,West Bengal,0,0,19,22.9868,87.855,5,134
888,2020-04-13,Andaman and Nicobar Islands,0,0,10,11.7401,92.6586,0,11
889,2020-04-13,Andhra Pradesh,0,0,11,15.9129,79.74,7,427
890,2020-04-13,Arunachal Pradesh,0,0,0,28.218000000000004,94.7278,0,1
891,2020-04-13,Assam,0,0,0,26.2006,92.9376,1,29
892,2020-04-13,Bihar,0,0,19,25.0961,85.3131,1,64
893,2020-04-13,Chandigarh,0,0,7,30.7333,76.7794,0,21
894,2020-04-13,Chhattisgarh,0,0,10,21.2787,81.8661,0,31
895,2020-04-13,Delhi,0,0,27,28.7041,77.1025,24,1154
896,2020-04-13,Goa,0,0,5,15.2993,74.124,0,7
897,2020-04-13,Gujarat,0,0,44,22.2587,71.1924,25,516
898,2020-04-13,Haryana,0,0,29,29.0588,76.0856,3,185
899,2020-04-13,Himachal Pradesh,0,0,13,31.1048,77.1734,1,32
900,2020-04-13,Jammu and Kashmir,0,0,6,33.7782,76.5762,4,245
901,2020-04-13,Jharkhand,0,0,0,23.6102,85.2799,2,19
902,2020-04-13,Karnataka,0,0,57,15.3173,75.7139,6,232
903,2020-04-13,Kerala,0,0,179,10.8505,76.2711,2,376
904,2020-04-13,Ladakh,0,0,10,34.2996,78.2932,0,15
905,2020-04-13,Madhya Pradesh,0,0,0,22.9734,78.6569,36,564
906,2020-04-13,Maharashtra,0,0,217,19.7515,75.7139,149,1985
907,2020-04-13,Manipur,0,0,1,24.6637,93.9063,0,2
908,2020-04-13,Mizoram,0,0,0,23.1645,92.9376,0,1
909,2020-04-13,Odisha,0,0,12,20.9517,85.0985,1,54
910,2020-04-13,Puducherry,0,0,1,11.9416,79.8083,0,7
911,2020-04-13,Punjab,0,0,5,31.1471,75.3412,11,151
912,2020-04-13,Rajasthan,0,0,21,27.0238,74.2179,3,804
913,2020-04-13,Tamil Nadu,0,0,50,11.1271,78.6569,11,1043
914,2020-04-13,Telengana,0,0,43,18.1124,79.0193,9,504
915,2020-04-13,Tripura,0,0,0,23.9408,91.9882,0,2
916,2020-04-13,Uttar Pradesh,0,0,46,26.8467,80.9462,5,483
917,2020-04-13,Uttarakhand,0,0,5,30.0668,79.0193,0,35
918,2020-04-13,West Bengal,0,0,29,22.9868,87.855,7,152
919,2020-04-14,Andaman and Nicobar Islands,0,0,10,11.7401,92.6586,0,11
920,2020-04-14,Andhra Pradesh,0,0,14,15.9129,79.74,9,473
921,2020-04-14,Arunachal Pradesh,0,0,0,28.218000000000004,94.7278,0,1
922,2020-04-14,Assam,0,0,0,26.2006,92.9376,1,21
923,2020-04-14,Bihar,0,0,26,25.0961,85.3131,1,66
924,2020-04-14,Chandigarh,0,0,7,30.7333,76.7794,0,21
925,2020-04-14,Chhattisgarh,0,0,10,21.2787,81.8661,0,31
926,2020-04-14,Delhi,0,0,30,28.7041,77.1025,28,1510
927,2020-04-14,Goa,0,0,5,15.2993,74.124,0,7
928,2020-04-14,Gujarat,0,0,55,22.2587,71.1924,26,617
929,2020-04-14,Haryana,0,0,34,29.0588,76.0856,3,199
930,2020-04-13,Meghalaya,0,0,0,25.467,91.3662,0,1
931,2020-04-14,Himachal Pradesh,0,0,13,31.1048,77.1734,1,32
932,2020-04-14,Jammu and Kashmir,0,0,16,33.7782,76.5762,4,270
933,2020-04-14,Jharkhand,0,0,0,23.6102,85.2799,2,24
934,2020-04-14,Karnataka,0,0,65,15.3173,75.7139,9,258
935,2020-04-14,Kerala,0,0,198,10.8505,76.2711,3,379
936,2020-04-14,Ladakh,0,0,10,34.2996,78.2932,0,15
937,2020-04-14,Madhya Pradesh,0,0,50,22.9734,78.6569,50,730
938,2020-04-14,Maharashtra,0,0,229,19.7515,75.7139,160,2337
939,2020-04-14,Manipur,0,0,1,24.6637,93.9063,0,2
940,2020-04-14,Meghalaya,0,0,0,25.467,91.3662,0,1
941,2020-04-14,Mizoram,0,0,0,23.1645,92.9376,0,1
942,2020-04-14,Odisha,0,0,18,20.9517,85.0985,1,55
943,2020-04-14,Puducherry,0,0,1,11.9416,79.8083,0,7
944,2020-04-14,Punjab,0,0,14,31.1471,75.3412,12,176
945,2020-04-14,Rajasthan,0,0,133,27.0238,74.2179,3,879
946,2020-04-14,Tamil Nadu,0,0,58,11.1271,78.6569,11,1173
947,2020-04-14,Telengana,0,0,100,18.1124,79.0193,17,624
948,2020-04-14,Tripura,0,0,0,23.9408,91.9882,0,2
949,2020-04-14,Uttar Pradesh,0,0,49,26.8467,80.9462,5,657
950,2020-04-14,Uttarakhand,0,0,7,30.0668,79.0193,0,35
951,2020-04-14,West Bengal,0,0,36,22.9868,87.855,7,190
952,2020-04-15,Andaman and Nicobar Islands,0,0,10,11.7401,92.6586,0,11
953,2020-04-15,Andhra Pradesh,0,0,16,15.9129,79.74,9,483
954,2020-04-15,Arunachal Pradesh,0,0,0,28.218000000000004,94.7278,0,1
955,2020-04-15,Assam,0,0,0,26.2006,92.9376,1,32
956,2020-04-15,Bihar,0,0,29,25.0961,85.3131,1,66
957,2020-04-15,Chandigarh,0,0,7,30.7333,76.7794,0,21
958,2020-04-15,Chhattisgarh,0,0,13,21.2787,81.8661,0,33
959,2020-04-15,Delhi,0,0,30,28.7041,77.1025,30,1561
960,2020-04-15,Goa,0,0,5,15.2993,74.124,0,7
961,2020-04-15,Gujarat,0,0,59,22.2587,71.1924,28,650
962,2020-04-15,Haryana,0,0,34,29.0588,76.0856,3,199
963,2020-04-15,Himachal Pradesh,0,0,13,31.1048,77.1734,1,33
964,2020-04-15,Jammu and Kashmir,0,0,30,33.7782,76.5762,4,278
965,2020-04-15,Jharkhand,0,0,0,23.6102,85.2799,2,27
966,2020-04-15,Karnataka,0,0,71,15.3173,75.7139,10,260
967,2020-04-15,Kerala,0,0,211,10.8505,76.2711,3,387
968,2020-04-15,Ladakh,0,0,10,34.2996,78.2932,0,17
969,2020-04-15,Madhya Pradesh,0,0,51,22.9734,78.6569,50,730
970,2020-04-15,Maharashtra,0,0,259,19.7515,75.7139,178,2687
971,2020-04-15,Manipur,0,0,1,24.6637,93.9063,0,2
972,2020-04-15,Meghalaya,0,0,0,25.467,91.3662,0,1
973,2020-04-15,Mizoram,0,0,0,23.1645,92.9376,0,1
974,2020-04-15,Odisha,0,0,18,20.9517,85.0985,1,60
975,2020-04-15,Puducherry,0,0,1,11.9416,79.8083,0,7
976,2020-04-15,Punjab,0,0,14,31.1471,75.3412,12,176
977,2020-04-15,Rajasthan,0,0,147,27.0238,74.2179,3,969
978,2020-04-15,Tamil Nadu,0,0,81,11.1271,78.6569,12,1204
979,2020-04-15,Telengana,0,0,100,18.1124,79.0193,17,624
980,2020-04-15,Tripura,0,0,0,23.9408,91.9882,0,2
981,2020-04-15,Uttar Pradesh,0,0,50,26.8467,80.9462,5,660
982,2020-04-15,Uttarakhand,0,0,9,30.0668,79.0193,0,37
983,2020-04-15,West Bengal,0,0,37,22.9868,87.855,7,213
984,2020-04-16,Andaman and Nicobar Islands,0,0,10,11.7401,92.6586,0,11
985,2020-04-16,Andhra Pradesh,0,0,20,15.9129,79.74,14,525
986,2020-04-16,Arunachal Pradesh,0,0,0,28.218000000000004,94.7278,0,1
987,2020-04-16,Assam,0,0,0,26.2006,92.9376,1,33
988,2020-04-16,Bihar,0,0,29,25.0961,85.3131,1,70
989,2020-04-16,Chandigarh,0,0,7,30.7333,76.7794,0,21
990,2020-04-16,Chhattisgarh,0,0,17,21.2787,81.8661,0,33
991,2020-04-16,Delhi,0,0,40,28.7041,77.1025,32,1578
992,2020-04-16,Goa,0,0,5,15.2993,74.124,0,7
993,2020-04-16,Gujarat,0,0,64,22.2587,71.1924,33,766
994,2020-04-16,Haryana,0,0,43,29.0588,76.0856,3,205
995,2020-04-16,Himachal Pradesh,0,0,16,31.1048,77.1734,1,35
996,2020-04-16,Jammu and Kashmir,0,0,36,33.7782,76.5762,4,300
997,2020-04-16,Jharkhand,0,0,0,23.6102,85.2799,2,28
998,2020-04-16,Karnataka,0,0,80,15.3173,75.7139,12,279
999,2020-04-16,Kerala,0,0,218,10.8505,76.2711,3,388
1000,2020-04-16,Ladakh,0,0,10,34.2996,78.2932,0,17
1001,2020-04-16,Madhya Pradesh,0,0,64,22.9734,78.6569,53,987
1002,2020-04-16,Maharashtra,0,0,295,19.7515,75.7139,187,2916
1003,2020-04-16,Manipur,0,0,1,24.6637,93.9063,0,2
1004,2020-04-16,Meghalaya,0,0,0,25.467,91.3662,1,7
1005,2020-04-16,Mizoram,0,0,0,23.1645,92.9376,0,1
1006,2020-04-16,Odisha,0,0,18,20.9517,85.0985,1,60
1007,2020-04-16,Puducherry,0,0,1,11.9416,79.8083,0,7
1008,2020-04-16,Punjab,0,0,27,31.1471,75.3412,13,186
1009,2020-04-16,Rajasthan,0,0,147,27.0238,74.2179,3,1023
1010,2020-04-16,Tamil Nadu,0,0,118,11.1271,78.6569,14,1242
1011,2020-04-16,Telengana,0,0,120,18.1124,79.0193,18,647
1012,2020-04-16,Tripura,0,0,1,23.9408,91.9882,0,2
1013,2020-04-16,Uttar Pradesh,0,0,51,26.8467,80.9462,11,735
1014,2020-04-16,Uttarakhand,0,0,9,30.0668,79.0193,0,37
1015,2020-04-16,West Bengal,0,0,42,22.9868,87.855,7,231
1016,2020-04-17,Andaman and Nicobar Islands,0,0,10,11.7401,92.6586,0,11
1017,2020-04-17,Andhra Pradesh,0,0,36,15.9129,79.74,14,572
1018,2020-04-17,Arunachal Pradesh,0,0,0,28.218000000000004,94.7278,0,1
1019,2020-04-17,Assam,0,0,5,26.2006,92.9376,1,35
1020,2020-04-17,Bihar,0,0,37,25.0961,85.3131,1,83
1021,2020-04-17,Chandigarh,0,0,9,30.7333,76.7794,0,21
1022,2020-04-17,Chhattisgarh,0,0,23,21.2787,81.8661,0,36
1023,2020-04-17,Delhi,0,0,51,28.7041,77.1025,38,1640
1024,2020-04-17,Goa,0,0,6,15.2993,74.124,0,7
1025,2020-04-17,Gujarat,0,0,74,22.2587,71.1924,38,1021
1026,2020-04-17,Haryana,0,0,43,29.0588,76.0856,3,205
1027,2020-04-17,Himachal Pradesh,0,0,16,31.1048,77.1734,1,35
1028,2020-04-17,Jammu and Kashmir,0,0,38,33.7782,76.5762,4,314
1029,2020-04-17,Jharkhand,0,0,0,23.6102,85.2799,2,29
1030,2020-04-17,Karnataka,0,0,82,15.3173,75.7139,13,353
1031,2020-04-17,Kerala,0,0,245,10.8505,76.2711,3,395
1032,2020-04-17,Ladakh,0,0,14,34.2996,78.2932,0,18
1033,2020-04-17,Madhya Pradesh,0,0,65,22.9734,78.6569,57,1308
1034,2020-04-17,Maharashtra,0,0,300,19.7515,75.7139,194,3205
1035,2020-04-17,Manipur,0,0,1,24.6637,93.9063,0,2
1036,2020-04-17,Meghalaya,0,0,0,25.467,91.3662,1,9
1037,2020-04-17,Mizoram,0,0,0,23.1645,92.9376,0,1
1038,2020-04-17,Odisha,0,0,19,20.9517,85.0985,1,60
1039,2020-04-17,Puducherry,0,0,1,11.9416,79.8083,0,7
1040,2020-04-17,Punjab,0,0,27,31.1471,75.3412,13,186
1041,2020-04-17,Rajasthan,0,0,164,27.0238,74.2179,11,1131
1042,2020-04-17,Tamil Nadu,0,0,180,11.1271,78.6569,15,1267
1043,2020-04-17,Telengana,0,0,186,18.1124,79.0193,18,743
1044,2020-04-17,Tripura,0,0,1,23.9408,91.9882,0,2
1045,2020-04-17,Uttar Pradesh,0,0,74,26.8467,80.9462,14,846
1046,2020-04-17,Uttarakhand,0,0,9,30.0668,79.0193,0,37
1047,2020-04-17,West Bengal,0,0,51,22.9868,87.855,10,255
1048,2020-04-18,Andaman and Nicobar Islands,0,0,11,11.7401,92.6586,0,12
1049,2020-04-18,Andhra Pradesh,0,0,36,15.9129,79.74,14,572
1050,2020-04-18,Arunachal Pradesh,0,0,0,28.218000000000004,94.7278,0,1
1051,2020-04-18,Assam,0,0,5,26.2006,92.9376,1,35
1052,2020-04-18,Bihar,0,0,37,25.0961,85.3131,2,83
1053,2020-04-18,Chandigarh,0,0,9,30.7333,76.7794,0,21
1054,2020-04-18,Chhattisgarh,0,0,24,21.2787,81.8661,0,36
1055,2020-04-18,Delhi,0,0,72,28.7041,77.1025,42,1707
1056,2020-04-18,Goa,0,0,6,15.2993,74.124,0,7
1057,2020-04-18,Gujarat,0,0,86,22.2587,71.1924,41,1099
1058,2020-04-18,Haryana,0,0,43,29.0588,76.0856,3,225
1059,2020-04-18,Himachal Pradesh,0,0,16,31.1048,77.1734,1,36
1060,2020-04-18,Jammu and Kashmir,0,0,42,33.7782,76.5762,5,328
1061,2020-04-18,Jharkhand,0,0,0,23.6102,85.2799,2,33
1062,2020-04-18,Karnataka,0,0,89,15.3173,75.7139,13,359
1063,2020-04-18,Kerala,0,0,255,10.8505,76.2711,3,396
1064,2020-04-18,Ladakh,0,0,14,34.2996,78.2932,0,18
1065,2020-04-18,Madhya Pradesh,0,0,69,22.9734,78.6569,69,1310
1066,2020-04-18,Maharashtra,0,0,331,19.7515,75.7139,201,3323
1067,2020-04-18,Manipur,0,0,1,24.6637,93.9063,0,2
1068,2020-04-18,Meghalaya,0,0,0,25.467,91.3662,1,9
1069,2020-04-18,Mizoram,0,0,0,23.1645,92.9376,0,1
1070,2020-04-18,Odisha,0,0,19,20.9517,85.0985,1,60
1071,2020-04-18,Puducherry,0,0,1,11.9416,79.8083,0,7
1072,2020-04-18,Punjab,0,0,27,31.1471,75.3412,13,202
1073,2020-04-18,Rajasthan,0,0,183,27.0238,74.2179,11,1229
1074,2020-04-18,Tamil Nadu,0,0,283,11.1271,78.6569,15,1323
1075,2020-04-18,Telengana,0,0,186,18.1124,79.0193,18,766
1076,2020-04-18,Tripura,0,0,1,23.9408,91.9882,0,2
1077,2020-04-18,Uttar Pradesh,0,0,82,26.8467,80.9462,14,849
1078,2020-04-18,Uttarakhand,0,0,9,30.0668,79.0193,0,40
1079,2020-04-18,West Bengal,0,0,55,22.9868,87.855,10,287
1080,2020-04-19,Andaman and Nicobar Islands,0,0,11,11.7401,92.6586,0,14
1081,2020-04-19,Andhra Pradesh,0,0,42,15.9129,79.74,15,603
1082,2020-04-19,Arunachal Pradesh,0,0,0,28.218000000000004,94.7278,0,1
1083,2020-04-19,Assam,0,0,12,26.2006,92.9376,1,35
1084,2020-04-19,Bihar,0,0,37,25.0961,85.3131,2,86
1085,2020-04-19,Chandigarh,0,0,10,30.7333,76.7794,0,23
1086,2020-04-19,Chhattisgarh,0,0,24,21.2787,81.8661,0,36
1087,2020-04-19,Delhi,0,0,72,28.7041,77.1025,42,1893
1088,2020-04-19,Goa,0,0,6,15.2993,74.124,0,7
1089,2020-04-19,Gujarat,0,0,93,22.2587,71.1924,53,1376
1090,2020-04-19,Haryana,0,0,43,29.0588,76.0856,3,225
1091,2020-04-19,Himachal Pradesh,0,0,16,31.1048,77.1734,1,39
1092,2020-04-19,Jammu and Kashmir,0,0,51,33.7782,76.5762,5,341
1093,2020-04-19,Jharkhand,0,0,0,23.6102,85.2799,2,34
1094,2020-04-19,Karnataka,0,0,104,15.3173,75.7139,14,384
1095,2020-04-19,Kerala,0,0,257,10.8505,76.2711,3,400
1096,2020-04-19,Ladakh,0,0,14,34.2996,78.2932,0,18
1097,2020-04-19,Madhya Pradesh,0,0,127,22.9734,78.6569,70,1407
1098,2020-04-19,Maharashtra,0,0,365,19.7515,75.7139,211,3651
1099,2020-04-19,Manipur,0,0,1,24.6637,93.9063,0,2
1100,2020-04-19,Meghalaya,0,0,0,25.467,91.3662,1,11
1101,2020-04-19,Mizoram,0,0,0,23.1645,92.9376,0,1
1102,2020-04-19,Odisha,0,0,24,20.9517,85.0985,1,61
1103,2020-04-19,Puducherry,0,0,3,11.9416,79.8083,0,7
1104,2020-04-19,Punjab,0,0,27,31.1471,75.3412,13,202
1105,2020-04-19,Rajasthan,0,0,183,27.0238,74.2179,11,1351
1106,2020-04-19,Tamil Nadu,0,0,365,11.1271,78.6569,15,1372
1107,2020-04-19,Telengana,0,0,186,18.1124,79.0193,18,809
1108,2020-04-19,Tripura,0,0,1,23.9408,91.9882,0,2
1109,2020-04-19,Uttar Pradesh,0,0,86,26.8467,80.9462,14,969
1110,2020-04-19,Uttarakhand,0,0,9,30.0668,79.0193,0,42
1111,2020-04-19,West Bengal,0,0,62,22.9868,87.855,12,310
1112,2020-04-20,Andaman and Nicobar Islands,0,0,11,11.7401,92.6586,0,15
1113,2020-04-20,Andhra Pradesh,0,0,42,15.9129,79.74,15,646
1114,2020-04-20,Arunachal Pradesh,0,0,0,28.218000000000004,94.7278,0,1
1115,2020-04-20,Assam,0,0,17,26.2006,92.9376,1,35
1116,2020-04-20,Bihar,0,0,42,25.0961,85.3131,2,93
1117,2020-04-20,Chandigarh,0,0,13,30.7333,76.7794,0,26
1118,2020-04-20,Chhattisgarh,0,0,25,21.2787,81.8661,0,36
1119,2020-04-20,Delhi,0,0,72,28.7041,77.1025,45,2003
1120,2020-04-20,Goa,0,0,7,15.2993,74.124,0,7
1121,2020-04-20,Gujarat,0,0,105,22.2587,71.1924,63,1743
1122,2020-04-20,Haryana,0,0,87,29.0588,76.0856,3,233
1123,2020-04-20,Himachal Pradesh,0,0,16,31.1048,77.1734,1,39
1124,2020-04-20,Jammu and Kashmir,0,0,56,33.7782,76.5762,5,350
1125,2020-04-20,Jharkhand,0,0,0,23.6102,85.2799,2,42
1126,2020-04-20,Karnataka,0,0,111,15.3173,75.7139,16,390
1127,2020-04-20,Kerala,0,0,270,10.8505,76.2711,3,402
1128,2020-04-20,Ladakh,0,0,14,34.2996,78.2932,0,18
1129,2020-04-20,Madhya Pradesh,0,0,127,22.9734,78.6569,70,1407
1130,2020-04-20,Maharashtra,0,0,507,19.7515,75.7139,223,4203
1131,2020-04-20,Manipur,0,0,1,24.6637,93.9063,0,2
1132,2020-04-20,Meghalaya,0,0,0,25.467,91.3662,1,11
1133,2020-04-20,Mizoram,0,0,0,23.1645,92.9376,0,1
1134,2020-04-20,Odisha,0,0,24,20.9517,85.0985,1,68
1135,2020-04-20,Puducherry,0,0,3,11.9416,79.8083,0,7
1136,2020-04-20,Punjab,0,0,31,31.1471,75.3412,16,219
1137,2020-04-20,Rajasthan,0,0,183,27.0238,74.2179,14,1478
1138,2020-04-20,Tamil Nadu,0,0,411,11.1271,78.6569,15,1477
1139,2020-04-20,Telengana,0,0,186,18.1124,79.0193,18,844
1140,2020-04-20,Tripura,0,0,1,23.9408,91.9882,0,2
1141,2020-04-20,Uttar Pradesh,0,0,108,26.8467,80.9462,17,1084
1142,2020-04-20,Uttarakhand,0,0,11,30.0668,79.0193,0,44
1143,2020-04-20,West Bengal,0,0,66,22.9868,87.855,12,339
1144,2020-04-21,Andaman and Nicobar Islands,0,0,11,11.7401,92.6586,0,16
1145,2020-04-21,Andhra Pradesh,0,0,92,15.9129,79.74,20,722
1146,2020-04-21,Arunachal Pradesh,0,0,0,28.218000000000004,94.7278,0,1
1147,2020-04-21,Assam,0,0,19,26.2006,92.9376,1,35
1148,2020-04-21,Bihar,0,0,42,25.0961,85.3131,2,113
1149,2020-04-21,Chandigarh,0,0,13,30.7333,76.7794,0,26
1150,2020-04-21,Chhattisgarh,0,0,25,21.2787,81.8661,0,36
1151,2020-04-21,Delhi,0,0,431,28.7041,77.1025,47,2081
1152,2020-04-21,Goa,0,0,7,15.2993,74.124,0,7
1153,2020-04-21,Gujarat,0,0,131,22.2587,71.1924,71,1939
1154,2020-04-21,Haryana,0,0,127,29.0588,76.0856,3,254
1155,2020-04-21,Himachal Pradesh,0,0,16,31.1048,77.1734,1,39
1156,2020-04-21,Jammu and Kashmir,0,0,71,33.7782,76.5762,5,368
1157,2020-04-21,Jharkhand,0,0,0,23.6102,85.2799,2,46
1158,2020-04-21,Karnataka,0,0,112,15.3173,75.7139,16,408
1159,2020-04-21,Kerala,0,0,291,10.8505,76.2711,3,408
1160,2020-04-21,Ladakh,0,0,14,34.2996,78.2932,0,18
1161,2020-04-21,Madhya Pradesh,0,0,127,22.9734,78.6569,74,1485
1162,2020-04-21,Maharashtra,0,0,572,19.7515,75.7139,232,4666
1163,2020-04-21,Manipur,0,0,2,24.6637,93.9063,0,2
1164,2020-04-21,Meghalaya,0,0,0,25.467,91.3662,1,11
1165,2020-04-21,Mizoram,0,0,0,23.1645,92.9376,0,1
1166,2020-04-21,Odisha,0,0,24,20.9517,85.0985,1,74
1167,2020-04-21,Puducherry,0,0,3,11.9416,79.8083,0,7
1168,2020-04-21,Punjab,0,0,38,31.1471,75.3412,16,245
1169,2020-04-21,Rajasthan,0,0,205,27.0238,74.2179,25,1576
1170,2020-04-21,Tamil Nadu,0,0,457,11.1271,78.6569,17,1520
1171,2020-04-21,Telengana,0,0,190,18.1124,79.0193,23,873
1172,2020-04-21,Tripura,0,0,1,23.9408,91.9882,0,2
1173,2020-04-21,Uttar Pradesh,0,0,140,26.8467,80.9462,18,1184
1174,2020-04-21,Uttarakhand,0,0,18,30.0668,79.0193,0,46
1175,2020-04-21,West Bengal,0,0,73,22.9868,87.855,12,392
1176,2020-04-22,Andaman and Nicobar Islands,0,0,11,11.7401,92.6586,0,16
1177,2020-04-22,Andhra Pradesh,0,0,96,15.9129,79.74,22,757
1178,2020-04-22,Arunachal Pradesh,0,0,1,28.218000000000004,94.7278,0,1
1179,2020-04-22,Assam,0,0,19,26.2006,92.9376,1,35
1180,2020-04-22,Bihar,0,0,42,25.0961,85.3131,2,126
1181,2020-04-22,Chandigarh,0,0,14,30.7333,76.7794,0,27
1182,2020-04-22,Chhattisgarh,0,0,26,21.2787,81.8661,0,36
1183,2020-04-22,Delhi,0,0,611,28.7041,77.1025,47,2156
1184,2020-04-22,Goa,0,0,7,15.2993,74.124,0,7
1185,2020-04-22,Gujarat,0,0,139,22.2587,71.1924,90,2178
1186,2020-04-22,Haryana,0,0,127,29.0588,76.0856,3,254
1187,2020-04-22,Himachal Pradesh,0,0,16,31.1048,77.1734,1,39
1188,2020-04-22,Jammu and Kashmir,0,0,81,33.7782,76.5762,5,380
1189,2020-04-22,Jharkhand,0,0,0,23.6102,85.2799,3,45
1190,2020-04-22,Karnataka,0,0,129,15.3173,75.7139,17,418
1191,2020-04-22,Kerala,0,0,307,10.8505,76.2711,3,427
1192,2020-04-22,Ladakh,0,0,14,34.2996,78.2932,0,18
1193,2020-04-22,Madhya Pradesh,0,0,148,22.9734,78.6569,76,1552
1194,2020-04-22,Maharashtra,0,0,722,19.7515,75.7139,251,5218
1195,2020-04-22,Manipur,0,0,2,24.6637,93.9063,0,2
1196,2020-04-22,Meghalaya,0,0,0,25.467,91.3662,1,12
1197,2020-04-22,Mizoram,0,0,0,23.1645,92.9376,0,1
1198,2020-04-22,Odisha,0,0,24,20.9517,85.0985,1,79
1199,2020-04-22,Puducherry,0,0,3,11.9416,79.8083,0,7
1200,2020-04-22,Punjab,0,0,39,31.1471,75.3412,16,245
1201,2020-04-22,Rajasthan,0,0,230,27.0238,74.2179,25,1659
1202,2020-04-22,Tamil Nadu,0,0,635,11.1271,78.6569,18,1596
1203,2020-04-22,Telengana,0,0,194,18.1124,79.0193,23,928
1204,2020-04-22,Tripura,0,0,1,23.9408,91.9882,0,2
1205,2020-04-22,Uttar Pradesh,0,0,140,26.8467,80.9462,20,1294
1206,2020-04-22,Uttarakhand,0,0,19,30.0668,79.0193,0,46
1207,2020-04-22,West Bengal,0,0,73,22.9868,87.855,15,423
1208,2020-04-23,Andaman and Nicobar Islands,0,0,11,11.7401,92.6586,0,18
1209,2020-04-23,Andhra Pradesh,0,0,120,15.9129,79.74,24,813
1210,2020-04-23,Arunachal Pradesh,0,0,1,28.218000000000004,94.7278,0,1
1211,2020-04-23,Assam,0,0,19,26.2006,92.9376,1,35
1212,2020-04-23,Bihar,0,0,46,25.0961,85.3131,2,143
1213,2020-04-23,Chandigarh,0,0,14,30.7333,76.7794,0,27
1214,2020-04-23,Chhattisgarh,0,0,26,21.2787,81.8661,0,36
1215,2020-04-23,Delhi,0,0,724,28.7041,77.1025,48,2248
1216,2020-04-23,Goa,0,0,7,15.2993,74.124,0,7
1217,2020-04-23,Gujarat,0,0,179,22.2587,71.1924,103,2407
1218,2020-04-23,Haryana,0,0,140,29.0588,76.0856,3,262
1219,2020-04-23,Himachal Pradesh,0,0,18,31.1048,77.1734,1,40
1220,2020-04-23,Jammu and Kashmir,0,0,92,33.7782,76.5762,5,407
1221,2020-04-23,Jharkhand,0,0,8,23.6102,85.2799,3,49
1222,2020-04-23,Karnataka,0,0,131,15.3173,75.7139,17,427
1223,2020-04-23,Kerala,0,0,323,10.8505,76.2711,3,438
1224,2020-04-23,Ladakh,0,0,14,34.2996,78.2932,0,18
1225,2020-04-23,Madhya Pradesh,0,0,148,22.9734,78.6569,80,1592
1226,2020-04-23,Maharashtra,0,0,789,19.7515,75.7139,269,5652
1227,2020-04-23,Manipur,0,0,2,24.6637,93.9063,0,2
1228,2020-04-23,Meghalaya,0,0,0,25.467,91.3662,1,12
1229,2020-04-23,Mizoram,0,0,0,23.1645,92.9376,0,1
1230,2020-04-23,Odisha,0,0,32,20.9517,85.0985,1,83
1231,2020-04-23,Puducherry,0,0,3,11.9416,79.8083,0,7
1232,2020-04-23,Punjab,0,0,49,31.1471,75.3412,16,251
1233,2020-04-23,Rajasthan,0,0,230,27.0238,74.2179,27,1890
1234,2020-04-23,Tamil Nadu,0,0,662,11.1271,78.6569,18,1629
1235,2020-04-23,Telengana,0,0,194,18.1124,79.0193,23,945
1236,2020-04-23,Tripura,0,0,1,23.9408,91.9882,0,2
1237,2020-04-23,Uttar Pradesh,0,0,173,26.8467,80.9462,21,1449
1238,2020-04-23,Uttarakhand,0,0,23,30.0668,79.0193,0,46
1239,2020-04-23,West Bengal,0,0,79,22.9868,87.855,15,456
1240,2020-04-24,Andaman and Nicobar Islands,0,0,11,11.7401,92.6586,0,22
1241,2020-04-24,Andhra Pradesh,0,0,141,15.9129,79.74,27,895
1242,2020-04-24,Arunachal Pradesh,0,0,1,28.218000000000004,94.7278,0,1
1243,2020-04-24,Assam,0,0,19,26.2006,92.9376,1,36
1244,2020-04-24,Bihar,0,0,46,25.0961,85.3131,2,153
1245,2020-04-24,Chandigarh,0,0,14,30.7333,76.7794,0,27
1246,2020-04-24,Chhattisgarh,0,0,28,21.2787,81.8661,0,36
1247,2020-04-24,Delhi,0,0,808,28.7041,77.1025,50,2376
1248,2020-04-24,Goa,0,0,7,15.2993,74.124,0,7
1249,2020-04-24,Gujarat,0,0,258,22.2587,71.1924,112,2624
1250,2020-04-24,Haryana,0,0,156,29.0588,76.0856,3,272
1251,2020-04-24,Himachal Pradesh,0,0,18,31.1048,77.1734,1,40
1252,2020-04-24,Jammu and Kashmir,0,0,92,33.7782,76.5762,5,427
1253,2020-04-24,Jharkhand,0,0,8,23.6102,85.2799,3,53
1254,2020-04-24,Karnataka,0,0,145,15.3173,75.7139,17,445
1255,2020-04-24,Kerala,0,0,324,10.8505,76.2711,3,447
1256,2020-04-24,Ladakh,0,0,14,34.2996,78.2932,0,18
1257,2020-04-24,Madhya Pradesh,0,0,203,22.9734,78.6569,83,1699
1258,2020-04-24,Maharashtra,0,0,840,19.7515,75.7139,283,6430
1259,2020-04-24,Manipur,0,0,2,24.6637,93.9063,0,2
1260,2020-04-24,Meghalaya,0,0,0,25.467,91.3662,1,12
1261,2020-04-24,Mizoram,0,0,0,23.1645,92.9376,0,1
1262,2020-04-24,Odisha,0,0,33,20.9517,85.0985,1,90
1263,2020-04-24,Puducherry,0,0,3,11.9416,79.8083,0,7
1264,2020-04-24,Punjab,0,0,65,31.1471,75.3412,16,277
1265,2020-04-24,Rajasthan,0,0,230,27.0238,74.2179,27,1964
1266,2020-04-24,Tamil Nadu,0,0,752,11.1271,78.6569,20,1683
1267,2020-04-24,Telengana,0,0,197,18.1124,79.0193,24,960
1268,2020-04-24,Tripura,0,0,1,23.9408,91.9882,0,2
1269,2020-04-24,Uttar Pradesh,0,0,206,26.8467,80.9462,24,1510
1270,2020-04-24,Uttarakhand,0,0,24,30.0668,79.0193,0,47
1271,2020-04-24,West Bengal,0,0,103,22.9868,87.855,15,514
1272,2020-04-25,Andaman and Nicobar Islands,0,0,11,11.7401,92.6586,0,27
1273,2020-04-25,Andhra Pradesh,0,0,145,15.9129,79.74,29,955
1274,2020-04-25,Arunachal Pradesh,0,0,1,28.218000000000004,94.7278,0,1
1275,2020-04-25,Assam,0,0,19,26.2006,92.9376,1,36
1276,2020-04-25,Bihar,0,0,46,25.0961,85.3131,2,223
1277,2020-04-25,Chandigarh,0,0,14,30.7333,76.7794,0,27
1278,2020-04-25,Chhattisgarh,0,0,30,21.2787,81.8661,0,36
1279,2020-04-25,Delhi,0,0,857,28.7041,77.1025,53,2514
1280,2020-04-25,Goa,0,0,7,15.2993,74.124,0,7
1281,2020-04-25,Gujarat,0,0,265,22.2587,71.1924,127,2815
1282,2020-04-25,Haryana,0,0,156,29.0588,76.0856,3,272
1283,2020-04-25,Himachal Pradesh,0,0,18,31.1048,77.1734,1,40
1284,2020-04-25,Jammu and Kashmir,0,0,109,33.7782,76.5762,5,454
1285,2020-04-25,Jharkhand,0,0,8,23.6102,85.2799,3,57
1286,2020-04-25,Karnataka,0,0,152,15.3173,75.7139,18,474
1287,2020-04-25,Kerala,0,0,331,10.8505,76.2711,3,450
1288,2020-04-25,Ladakh,0,0,14,34.2996,78.2932,0,20
1289,2020-04-25,Madhya Pradesh,0,0,210,22.9734,78.6569,92,1852
1290,2020-04-25,Maharashtra,0,0,840,19.7515,75.7139,301,6817
1291,2020-04-25,Manipur,0,0,2,24.6637,93.9063,0,2
1292,2020-04-25,Meghalaya,0,0,0,25.467,91.3662,1,12
1293,2020-04-25,Mizoram,0,0,0,23.1645,92.9376,0,1
1294,2020-04-25,Odisha,0,0,33,20.9517,85.0985,1,94
1295,2020-04-25,Puducherry,0,0,3,11.9416,79.8083,0,7
1296,2020-04-25,Punjab,0,0,67,31.1471,75.3412,17,298
1297,2020-04-25,Rajasthan,0,0,230,27.0238,74.2179,27,2034
1298,2020-04-25,Tamil Nadu,0,0,866,11.1271,78.6569,22,1755
1299,2020-04-25,Telengana,0,0,253,18.1124,79.0193,26,984
1300,2020-04-25,Tripura,0,0,1,23.9408,91.9882,0,2
1301,2020-04-25,Uttar Pradesh,0,0,247,26.8467,80.9462,25,1621
1302,2020-04-25,Uttarakhand,0,0,25,30.0668,79.0193,0,48
1303,2020-04-25,West Bengal,0,0,103,22.9868,87.855,18,571
1304,2020-04-26,Andaman and Nicobar Islands,0,0,11,11.7401,92.6586,0,33
1305,2020-04-26,Andhra Pradesh,0,0,171,15.9129,79.74,31,1061
1306,2020-04-26,Arunachal Pradesh,0,0,1,28.218000000000004,94.7278,0,1
1307,2020-04-26,Assam,0,0,19,26.2006,92.9376,1,36
1308,2020-04-26,Bihar,0,0,46,25.0961,85.3131,2,243
1309,2020-04-26,Chandigarh,0,0,15,30.7333,76.7794,0,28
1310,2020-04-26,Chhattisgarh,0,0,32,21.2787,81.8661,0,37
1311,2020-04-26,Delhi,0,0,869,28.7041,77.1025,54,2625
1312,2020-04-26,Goa,0,0,7,15.2993,74.124,0,7
1313,2020-04-26,Gujarat,0,0,282,22.2587,71.1924,133,3071
1314,2020-04-26,Haryana,0,0,176,29.0588,76.0856,3,289
1315,2020-04-26,Himachal Pradesh,0,0,22,31.1048,77.1734,1,40
1316,2020-04-26,Jammu and Kashmir,0,0,112,33.7782,76.5762,6,494
1317,2020-04-26,Jharkhand,0,0,13,23.6102,85.2799,3,67
1318,2020-04-26,Karnataka,0,0,158,15.3173,75.7139,18,500
1319,2020-04-26,Kerala,0,0,338,10.8505,76.2711,4,457
1320,2020-04-26,Ladakh,0,0,14,34.2996,78.2932,0,20
1321,2020-04-26,Madhya Pradesh,0,0,210,22.9734,78.6569,99,2096
1322,2020-04-26,Maharashtra,0,0,1076,19.7515,75.7139,323,7628
1323,2020-04-26,Manipur,0,0,2,24.6637,93.9063,0,2
1324,2020-04-26,Meghalaya,0,0,0,25.467,91.3662,1,12
1325,2020-04-26,Mizoram,0,0,0,23.1645,92.9376,0,1
1326,2020-04-26,Odisha,0,0,33,20.9517,85.0985,1,94
1327,2020-04-26,Puducherry,0,0,3,11.9416,79.8083,0,7
1328,2020-04-26,Punjab,0,0,67,31.1471,75.3412,17,298
1329,2020-04-26,Rajasthan,0,0,493,27.0238,74.2179,33,2083
1330,2020-04-26,Tamil Nadu,0,0,960,11.1271,78.6569,23,1821
1331,2020-04-26,Telengana,0,0,280,18.1124,79.0193,26,991
1332,2020-04-26,Tripura,0,0,2,23.9408,91.9882,0,2
1333,2020-04-26,Uttar Pradesh,0,0,289,26.8467,80.9462,29,1843
1334,2020-04-26,Uttarakhand,0,0,26,30.0668,79.0193,0,48
1335,2020-04-26,West Bengal,0,0,105,22.9868,87.855,18,611
1336,2020-04-27,Andaman and Nicobar Islands,0,0,11,11.7401,92.6586,0,33
1337,2020-04-27,Andhra Pradesh,0,0,231,15.9129,79.74,31,1097
1338,2020-04-27,Arunachal Pradesh,0,0,1,28.218000000000004,94.7278,0,1
1339,2020-04-27,Assam,0,0,27,26.2006,92.9376,1,36
1340,2020-04-27,Bihar,0,0,56,25.0961,85.3131,2,274
1341,2020-04-27,Chandigarh,0,0,17,30.7333,76.7794,0,30
1342,2020-04-27,Chhattisgarh,0,0,32,21.2787,81.8661,0,37
1343,2020-04-27,Delhi,0,0,877,28.7041,77.1025,54,2918
1344,2020-04-27,Goa,0,0,7,15.2993,74.124,0,7
1345,2020-04-27,Gujarat,0,0,313,22.2587,71.1924,151,3301
1346,2020-04-27,Haryana,0,0,176,29.0588,76.0856,3,289
1347,2020-04-27,Himachal Pradesh,0,0,22,31.1048,77.1734,1,40
1348,2020-04-27,Jammu and Kashmir,0,0,137,33.7782,76.5762,6,523
1349,2020-04-27,Jharkhand,0,0,13,23.6102,85.2799,3,82
1350,2020-04-27,Karnataka,0,0,182,15.3173,75.7139,19,503
1351,2020-04-27,Kerala,0,0,338,10.8505,76.2711,4,458
1352,2020-04-27,Ladakh,0,0,14,34.2996,78.2932,0,20
1353,2020-04-27,Madhya Pradesh,0,0,302,22.9734,78.6569,103,2096
1354,2020-04-27,Maharashtra,0,0,1076,19.7515,75.7139,342,8068
1355,2020-04-27,Manipur,0,0,2,24.6637,93.9063,0,2
1356,2020-04-27,Meghalaya,0,0,0,25.467,91.3662,1,12
1357,2020-04-27,Mizoram,0,0,0,23.1645,92.9376,0,1
1358,2020-04-27,Odisha,0,0,35,20.9517,85.0985,1,103
1359,2020-04-27,Puducherry,0,0,3,11.9416,79.8083,0,7
1360,2020-04-27,Punjab,0,0,71,31.1471,75.3412,18,313
1361,2020-04-27,Rajasthan,0,0,518,27.0238,74.2179,33,2185
1362,2020-04-27,Tamil Nadu,0,0,1020,11.1271,78.6569,24,1885
1363,2020-04-27,Telengana,0,0,280,18.1124,79.0193,26,1002
1364,2020-04-27,Tripura,0,0,2,23.9408,91.9882,0,2
1365,2020-04-27,Uttar Pradesh,0,0,289,26.8467,80.9462,29,1868
1366,2020-04-27,Uttarakhand,0,0,28,30.0668,79.0193,0,50
1367,2020-04-27,West Bengal,0,0,105,22.9868,87.855,20,649
1368,2020-04-28,Andaman and Nicobar Islands,0,0,11,11.7401,92.6586,0,33
1369,2020-04-28,Andhra Pradesh,0,0,235,15.9129,79.74,31,1183
1370,2020-04-28,Arunachal Pradesh,0,0,1,28.218000000000004,94.7278,0,1
1371,2020-04-28,Assam,0,0,27,26.2006,92.9376,1,36
1372,2020-04-28,Bihar,0,0,57,25.0961,85.3131,2,345
1373,2020-04-28,Chandigarh,0,0,17,30.7333,76.7794,0,40
1374,2020-04-28,Chhattisgarh,0,0,32,21.2787,81.8661,0,37
1375,2020-04-28,Delhi,0,0,877,28.7041,77.1025,54,3108
1376,2020-04-28,Goa,0,0,7,15.2993,74.124,0,7
1377,2020-04-28,Gujarat,0,0,394,22.2587,71.1924,162,3548
1378,2020-04-28,Haryana,0,0,183,29.0588,76.0856,3,296
1379,2020-04-28,Himachal Pradesh,0,0,22,31.1048,77.1734,1,40
1380,2020-04-28,Jammu and Kashmir,0,0,164,33.7782,76.5762,7,546
1381,2020-04-28,Jharkhand,0,0,13,23.6102,85.2799,3,82
1382,2020-04-28,Karnataka,0,0,193,15.3173,75.7139,20,512
1383,2020-04-28,Kerala,0,0,355,10.8505,76.2711,4,481
1384,2020-04-28,Ladakh,0,0,14,34.2996,78.2932,0,20
1385,2020-04-28,Madhya Pradesh,0,0,302,22.9734,78.6569,110,2168
1386,2020-04-28,Maharashtra,0,0,1282,19.7515,75.7139,369,8590
1387,2020-04-28,Manipur,0,0,2,24.6637,93.9063,0,2
1388,2020-04-28,Meghalaya,0,0,0,25.467,91.3662,1,12
1389,2020-04-28,Mizoram,0,0,0,23.1645,92.9376,0,1
1390,2020-04-28,Odisha,0,0,37,20.9517,85.0985,1,118
1391,2020-04-28,Puducherry,0,0,3,11.9416,79.8083,0,8
1392,2020-04-28,Punjab,0,0,71,31.1471,75.3412,18,313
1393,2020-04-28,Rajasthan,0,0,669,27.0238,74.2179,46,2262
1394,2020-04-28,Tamil Nadu,0,0,1101,11.1271,78.6569,24,1937
1395,2020-04-28,Telengana,0,0,321,18.1124,79.0193,26,1004
1396,2020-04-28,Tripura,0,0,2,23.9408,91.9882,0,2
1397,2020-04-28,Uttar Pradesh,0,0,335,26.8467,80.9462,31,1955
1398,2020-04-28,Uttarakhand,0,0,33,30.0668,79.0193,0,51
1399,2020-04-28,West Bengal,0,0,109,22.9868,87.855,20,697
1400,2020-04-29,Andaman and Nicobar Islands,0,0,15,11.7401,92.6586,0,33
1401,2020-04-29,Andhra Pradesh,0,0,258,15.9129,79.74,31,1259
1402,2020-04-29,Arunachal Pradesh,0,0,1,28.218000000000004,94.7278,0,1
1403,2020-04-29,Assam,0,0,27,26.2006,92.9376,1,38
1404,2020-04-29,Bihar,0,0,64,25.0961,85.3131,2,366
1405,2020-04-29,Chandigarh,0,0,17,30.7333,76.7794,0,56
1406,2020-04-29,Chhattisgarh,0,0,34,21.2787,81.8661,0,38
1407,2020-04-29,Delhi,0,0,1078,28.7041,77.1025,54,3314
1408,2020-04-29,Goa,0,0,7,15.2993,74.124,0,7
1409,2020-04-29,Gujarat,0,0,434,22.2587,71.1924,181,3744
1410,2020-04-29,Haryana,0,0,209,29.0588,76.0856,3,310
1411,2020-04-29,Himachal Pradesh,0,0,25,31.1048,77.1734,1,40
1412,2020-04-29,Jammu and Kashmir,0,0,176,33.7782,76.5762,8,565
1413,2020-04-29,Jharkhand,0,0,17,23.6102,85.2799,3,103
1414,2020-04-29,Karnataka,0,0,207,15.3173,75.7139,20,523
1415,2020-04-29,Kerala,0,0,359,10.8505,76.2711,4,485
1416,2020-04-29,Ladakh,0,0,16,34.2996,78.2932,0,22
1417,2020-04-29,Madhya Pradesh,0,0,377,22.9734,78.6569,120,2387
1418,2020-04-29,Maharashtra,0,0,1388,19.7515,75.7139,400,9318
1419,2020-04-29,Manipur,0,0,2,24.6637,93.9063,0,2
1420,2020-04-29,Meghalaya,0,0,0,25.467,91.3662,1,12
1421,2020-04-29,Mizoram,0,0,0,23.1645,92.9376,0,1
1422,2020-04-29,Odisha,0,0,38,20.9517,85.0985,1,118
1423,2020-04-29,Puducherry,0,0,3,11.9416,79.8083,0,8
1424,2020-04-29,Punjab,0,0,71,31.1471,75.3412,19,322
1425,2020-04-29,Rajasthan,0,0,768,27.0238,74.2179,51,2364
1426,2020-04-29,Tamil Nadu,0,0,1168,11.1271,78.6569,25,2058
1427,2020-04-29,Telengana,0,0,321,18.1124,79.0193,26,1004
1428,2020-04-29,Tripura,0,0,2,23.9408,91.9882,0,2
1429,2020-04-29,Uttar Pradesh,0,0,462,26.8467,80.9462,34,2053
1430,2020-04-29,Uttarakhand,0,0,33,30.0668,79.0193,0,54
1431,2020-04-29,West Bengal,0,0,119,22.9868,87.855,22,725
1432,2020-04-30,Andaman and Nicobar Islands,0,0,15,11.7401,92.6586,0,33
1433,2020-04-30,Andhra Pradesh,0,0,287,15.9129,79.74,31,1332
1434,2020-04-30,Arunachal Pradesh,0,0,1,28.218000000000004,94.7278,0,1
1435,2020-04-30,Assam,0,0,29,26.2006,92.9376,1,38
1436,2020-04-30,Bihar,0,0,65,25.0961,85.3131,2,392
1437,2020-04-30,Chandigarh,0,0,17,30.7333,76.7794,0,56
1438,2020-04-30,Chhattisgarh,0,0,34,21.2787,81.8661,0,38
1439,2020-04-30,Delhi,0,0,1092,28.7041,77.1025,56,3439
1440,2020-04-30,Goa,0,0,7,15.2993,74.124,0,7
1441,2020-04-30,Gujarat,0,0,527,22.2587,71.1924,197,4082
1442,2020-04-30,Haryana,0,0,209,29.0588,76.0856,3,310
1443,2020-04-30,Himachal Pradesh,0,0,25,31.1048,77.1734,1,40
1444,2020-04-30,Jammu and Kashmir,0,0,192,33.7782,76.5762,8,581
1445,2020-04-30,Jharkhand,0,0,19,23.6102,85.2799,3,107
1446,2020-04-30,Karnataka,0,0,216,15.3173,75.7139,21,535
1447,2020-04-30,Kerala,0,0,369,10.8505,76.2711,4,495
1448,2020-04-30,Ladakh,0,0,16,34.2996,78.2932,0,22
1449,2020-04-30,Madhya Pradesh,0,0,461,22.9734,78.6569,129,2561
1450,2020-04-30,Maharashtra,0,0,1593,19.7515,75.7139,432,9915
1451,2020-04-30,Manipur,0,0,2,24.6637,93.9063,0,2
1452,2020-04-30,Meghalaya,0,0,0,25.467,91.3662,1,12
1453,2020-04-30,Mizoram,0,0,0,23.1645,92.9376,0,1
1454,2020-04-30,Odisha,0,0,39,20.9517,85.0985,1,125
1455,2020-04-30,Puducherry,0,0,3,11.9416,79.8083,0,8
1456,2020-04-30,Punjab,0,0,90,31.1471,75.3412,19,357
1457,2020-04-30,Rajasthan,0,0,768,27.0238,74.2179,51,2438
1458,2020-04-30,Tamil Nadu,0,0,1210,11.1271,78.6569,27,2162
1459,2020-04-30,Telengana,0,0,367,18.1124,79.0193,26,1012
1460,2020-04-30,Tripura,0,0,2,23.9408,91.9882,0,2
1461,2020-04-30,Uttar Pradesh,0,0,510,26.8467,80.9462,39,2134
1462,2020-04-30,Uttarakhand,0,0,36,30.0668,79.0193,0,55
1463,2020-04-30,West Bengal,0,0,124,22.9868,87.855,22,758
