Name of State / UT,Total Confirmed cases (Including 71 foreign Nationals) ,Cured/Discharged/Migrated,Death,Date,Latitude,Longitude,Total Confirmed cases (Including 70 foreign Nationals) ,Total Confirmed cases (Including 66 foreign Nationals) ,Total Confirmed cases (Including 51 foreign Nationals) ,Total Confirmed cases (Including 49 foreign Nationals) ,Total Confirmed cases ( Foreign National ),Total Confirmed cases (Indian National),Total Confirmed cases *
Kerala,,0,0,2020-01-30,10.8505,76.2711,,,,,0,1,
Kerala,,0,0,2020-01-31,10.8505,76.2711,,,,,0,1,
Kerala,,0,0,2020-02-01,10.8505,76.2711,,,,,0,2,
Kerala,,0,0,2020-02-02,10.8505,76.2711,,,,,0,3,
Kerala,,0,0,2020-02-03,10.8505,76.2711,,,,,0,3,
Kerala,,0,0,2020-02-04,10.8505,76.2711,,,,,0,3,
Kerala,,0,0,2020-02-05,10.8505,76.2711,,,,,0,3,
Kerala,,0,0,2020-02-06,10.8505,76.2711,,,,,0,3,
Kerala,,0,0,2020-02-07,10.8505,76.2711,,,,,0,3,
Kerala,,0,0,2020-02-08,10.8505,76.2711,,,,,0,3,
Kerala,,0,0,2020-02-09,10.8505,76.2711,,,,,0,3,
Kerala,,0,0,2020-02-10,10.8505,76.2711,,,,,0,3,
Kerala,,0,0,2020-02-11,10.8505,76.2711,,,,,0,3,
Kerala,,0,0,2020-02-12,10.8505,76.2711,,,,,0,3,
Kerala,,0,0,2020-02-13,10.8505,76.2711,,,,,0,3,
Kerala,,0,0,2020-02-14,10.8505,76.2711,,,,,0,3,
Kerala,,0,0,2020-02-15,10.8505,76.2711,,,,,0,3,
Kerala,,0,0,2020-02-16,10.8505,76.2711,,,,,0,3,
Kerala,,0,0,2020-02-17,10.8505,76.2711,,,,,0,3,
Kerala,,0,0,2020-02-18,10.8505,76.2711,,,,,0,3,
Kerala,,0,0,2020-02-19,10.8505,76.2711,,,,,0,3,
Kerala,,0,0,2020-02-20,10.8505,76.2711,,,,,0,3,
Kerala,,0,0,2020-02-21,10.8505,76.2711,,,,,0,3,
Kerala,,0,0,2020-02-22,10.8505,76.2711,,,,,0,3,
Kerala,,0,0,2020-02-23,10.8505,76.2711,,,,,0,3,
Kerala,,0,0,2020-02-24,10.8505,76.2711,,,,,0,3,
Kerala,,0,0,2020-02-25,10.8505,76.2711,,,,,0,3,
Kerala,,0,0,2020-02-26,10.8505,76.2711,,,,,0,3,
Kerala,,0,0,2020-02-27,10.8505,76.2711,,,,,0,3,
Kerala,,0,0,2020-02-28,10.8505,76.2711,,,,,0,3,
Kerala,,0,0,2020-02-29,10.8505,76.2711,,,,,0,3,
Kerala,,0,0,2020-03-01,10.8505,76.2711,,,,,0,3,
Delhi,,0,0,2020-03-02,28.7041,77.1025,,,,,0,1,
Kerala,,0,0,2020-03-02,10.8505,76.2711,,,,,0,3,
Telengana,,0,0,2020-03-02,18.1124,79.0193,,,,,0,1,
Delhi,,0,0,2020-03-03,28.7041,77.1025,,,,,0,1,
Kerala,,3,0,2020-03-03,10.8505,76.2711,,,,,0,3,
Rajasthan,,0,0,2020-03-03,27.0238,74.2179,,,,,0,0,
Telengana,,0,0,2020-03-03,18.1124,79.0193,,,,,0,1,
Delhi,,0,0,2020-03-04,28.7041,77.1025,,,,,0,1,
Haryana,,0,0,2020-03-04,29.0588,76.0856,,,,,14,0,
Kerala,,3,0,2020-03-04,10.8505,76.2711,,,,,0,3,
Rajasthan,,0,0,2020-03-04,27.0238,74.2179,,,,,0,1,
Telengana,,0,0,2020-03-04,18.1124,79.0193,,,,,0,1,
Uttar Pradesh,,0,0,2020-03-04,26.8467,80.9462,,,,,0,6,
Delhi,,0,0,2020-03-05,28.7041,77.1025,,,,,0,2,
Haryana,,0,0,2020-03-05,29.0588,76.0856,,,,,14,0,
Kerala,,3,0,2020-03-05,10.8505,76.2711,,,,,0,3,
Rajasthan,,0,0,2020-03-05,27.0238,74.2179,,,,,0,1,
Telengana,,0,0,2020-03-05,18.1124,79.0193,,,,,0,1,
Uttar Pradesh,,0,0,2020-03-05,26.8467,80.9462,,,,,0,7,
Delhi,,0,0,2020-03-06,28.7041,77.1025,,,,,0,3,
Haryana,,0,0,2020-03-06,29.0588,76.0856,,,,,14,0,
Kerala,,3,0,2020-03-06,10.8505,76.2711,,,,,0,3,
Rajasthan,,0,0,2020-03-06,27.0238,74.2179,,,,,0,1,
Telengana,,0,0,2020-03-06,18.1124,79.0193,,,,,0,1,
Uttar Pradesh,,0,0,2020-03-06,26.8467,80.9462,,,,,0,7,
Delhi,,0,0,2020-03-07,28.7041,77.1025,,,,,0,3,
Haryana,,0,0,2020-03-07,29.0588,76.0856,,,,,14,0,
Kerala,,3,0,2020-03-07,10.8505,76.2711,,,,,0,3,
Rajasthan,,0,0,2020-03-07,27.0238,74.2179,,,,,0,1,
Tamil Nadu,,0,0,2020-03-07,11.1271,78.6569,,,,,0,1,
Telengana,,0,0,2020-03-07,18.1124,79.0193,,,,,0,1,
Union Territory of Ladakh,,0,0,2020-03-07,34.2996,78.2932,,,,,0,2,
Uttar Pradesh,,0,0,2020-03-07,26.8467,80.9462,,,,,0,7,
Delhi,,0,0,2020-03-08,28.7041,77.1025,,,,,0,3,
Haryana,,0,0,2020-03-08,29.0588,76.0856,,,,,14,0,
Kerala,,3,0,2020-03-08,10.8505,76.2711,,,,,0,8,
Rajasthan,,0,0,2020-03-08,27.0238,74.2179,,,,,0,1,
Tamil Nadu,,0,0,2020-03-08,11.1271,78.6569,,,,,0,1,
Telengana,,0,0,2020-03-08,18.1124,79.0193,,,,,0,1,
Union Territory of Ladakh,,0,0,2020-03-08,34.2996,78.2932,,,,,0,2,
Uttar Pradesh,,0,0,2020-03-08,26.8467,80.9462,,,,,0,7,
Delhi,,0,0,2020-03-09,28.7041,77.1025,,,,,0,4,
Haryana,,0,0,2020-03-09,29.0588,76.0856,,,,,14,0,
Karnataka,,0,0,2020-03-09,15.3173,75.7139,,,,,0,1,
Kerala,,3,0,2020-03-09,10.8505,76.2711,,,,,0,9,
Maharashtra,,0,0,2020-03-09,19.7515,75.7139,,,,,0,2,
Punjab,,0,0,2020-03-09,31.1471,75.3412,,,,,0,1,
Rajasthan,,0,0,2020-03-09,27.0238,74.2179,,,,,0,1,
Tamil Nadu,,0,0,2020-03-09,11.1271,78.6569,,,,,0,1,
Telengana,,0,0,2020-03-09,18.1124,79.0193,,,,,0,1,
Union Territory of Jammu and Kashmir,,0,0,2020-03-09,33.7782,76.5762,,,,,0,1,
Union Territory of Ladakh,,0,0,2020-03-09,34.2996,78.2932,,,,,0,2,
Uttar Pradesh,,0,0,2020-03-09,26.8467,80.9462,,,,,0,7,
Delhi,,0,0,2020-03-10,28.7041,77.1025,,,,,0,4,
Haryana,,0,0,2020-03-10,29.0588,76.0856,,,,,14,0,
Karnataka,,0,0,2020-03-10,15.3173,75.7139,,,,,0,4,
Kerala,,3,0,2020-03-10,10.8505,76.2711,,,,,0,15,
Maharashtra,,0,0,2020-03-10,19.7515,75.7139,,,,,0,5,
Punjab,,0,0,2020-03-10,31.1471,75.3412,,,,,0,1,
Rajasthan,,0,0,2020-03-10,27.0238,74.2179,,,,,0,1,
Tamil Nadu,,0,0,2020-03-10,11.1271,78.6569,,,,,0,1,
Telengana,,0,0,2020-03-10,18.1124,79.0193,,,,,0,1,
Union Territory of Jammu and Kashmir,,0,0,2020-03-10,33.7782,76.5762,,,,,0,1,
Union Territory of Ladakh,,0,0,2020-03-10,34.2996,78.2932,,,,,0,2,
Uttar Pradesh,,0,0,2020-03-10,26.8467,80.9462,,,,,0,7,
Delhi,,0,0,2020-03-11,28.7041,77.1025,,,,,0,5,
Haryana,,0,0,2020-03-11,29.0588,76.0856,,,,,14,0,
Karnataka,,0,0,2020-03-11,15.3173,75.7139,,,,,0,4,
Kerala,,3,0,2020-03-11,10.8505,76.2711,,,,,0,17,
Maharashtra,,0,0,2020-03-11,19.7515,75.7139,,,,,0,10,
Punjab,,0,0,2020-03-11,31.1471,75.3412,,,,,0,1,
Rajasthan,,0,0,2020-03-11,27.0238,74.2179,,,,,2,1,
Tamil Nadu,,0,0,2020-03-11,11.1271,78.6569,,,,,0,1,
Telengana,,0,0,2020-03-11,18.1124,79.0193,,,,,0,1,
Union Territory of Jammu and Kashmir,,0,0,2020-03-11,33.7782,76.5762,,,,,0,1,
Union Territory of Ladakh,,0,0,2020-03-11,34.2996,78.2932,,,,,0,2,
Uttar Pradesh,,0,0,2020-03-11,26.8467,80.9462,,,,,0,9,
Andhra Pradesh,,0,0,2020-03-12,15.9129,79.74,,,,,0,1,
Delhi,,0,0,2020-03-12,28.7041,77.1025,,,,,0,6,
Haryana,,0,0,2020-03-12,29.0588,76.0856,,,,,14,0,
Karnataka,,0,1,2020-03-12,15.3173,75.7139,,,,,0,4,
Kerala,,3,0,2020-03-12,10.8505,76.2711,,,,,0,17,
Maharashtra,,0,0,2020-03-12,19.7515,75.7139,,,,,0,11,
Punjab,,0,0,2020-03-12,31.1471,75.3412,,,,,0,1,
Rajasthan,,0,0,2020-03-12,27.0238,74.2179,,,,,2,1,
Tamil Nadu,,0,0,2020-03-12,11.1271,78.6569,,,,,0,1,
Telengana,,0,0,2020-03-12,18.1124,79.0193,,,,,0,1,
Union Territory of Jammu and Kashmir,,0,0,2020-03-12,33.7782,76.5762,,,,,0,1,
Union Territory of Ladakh,,0,0,2020-03-12,34.2996,78.2932,,,,,0,3,
Uttar Pradesh,,0,0,2020-03-12,26.8467,80.9462,,,,,1,10,
Andhra Pradesh,,0,0,2020-03-13,15.9129,79.74,,,,,0,1,
Delhi,,0,0,2020-03-13,28.7041,77.1025,,,,,0,6,
Haryana,,0,0,2020-03-13,29.0588,76.0856,,,,,14,0,
Karnataka,,0,1,2020-03-13,15.3173,75.7139,,,,,0,5,
Kerala,,3,0,2020-03-13,10.8505,76.2711,,,,,0,17,
Maharashtra,,0,0,2020-03-13,19.7515,75.7139,,,,,0,11,
Punjab,,0,0,2020-03-13,31.1471,75.3412,,,,,0,1,
Rajasthan,,0,0,2020-03-13,27.0238,74.2179,,,,,2,1,
Tamil Nadu,,0,0,2020-03-13,11.1271,78.6569,,,,,0,1,
Telengana,,0,0,2020-03-13,18.1124,79.0193,,,,,0,1,
Union Territory of Jammu and Kashmir,,0,0,2020-03-13,33.7782,76.5762,,,,,0,1,
Union Territory of Ladakh,,0,0,2020-03-13,34.2996,78.2932,,,,,0,3,
Uttar Pradesh,,0,0,2020-03-13,26.8467,80.9462,,,,,1,10,
Andhra Pradesh,,0,0,2020-03-14,15.9129,79.74,,,,,0,1,
Delhi,,1,1,2020-03-14,28.7041,77.1025,,,,,0,7,
Haryana,,0,0,2020-03-14,29.0588,76.0856,,,,,14,0,
Karnataka,,0,1,2020-03-14,15.3173,75.7139,,,,,0,6,
Kerala,,3,0,2020-03-14,10.8505,76.2711,,,,,0,19,
Maharashtra,,0,0,2020-03-14,19.7515,75.7139,,,,,0,14,
Punjab,,0,0,2020-03-14,31.1471,75.3412,,,,,0,1,
Rajasthan,,1,0,2020-03-14,27.0238,74.2179,,,,,2,1,
Tamil Nadu,,0,0,2020-03-14,11.1271,78.6569,,,,,0,1,
Telengana,,0,0,2020-03-14,18.1124,79.0193,,,,,0,1,
Union Territory of Jammu and Kashmir,,0,0,2020-03-14,33.7782,76.5762,,,,,0,2,
Union Territory of Ladakh,,0,0,2020-03-14,34.2996,78.2932,,,,,0,3,
Uttar Pradesh,,5,0,2020-03-14,26.8467,80.9462,,,,,1,11,
Andhra Pradesh,,0,0,2020-03-15,15.9129,79.74,,,,,0,1,
Delhi,,2,1,2020-03-15,28.7041,77.1025,,,,,0,7,
Haryana,,0,0,2020-03-15,29.0588,76.0856,,,,,14,0,
Karnataka,,0,1,2020-03-15,15.3173,75.7139,,,,,0,6,
Kerala,,3,0,2020-03-15,10.8505,76.2711,,,,,0,23,
Maharashtra,,0,0,2020-03-15,19.7515,75.7139,,,,,0,32,
Punjab,,0,0,2020-03-15,31.1471,75.3412,,,,,0,1,
Rajasthan,,3,0,2020-03-15,27.0238,74.2179,,,,,2,2,
Tamil Nadu,,0,0,2020-03-15,11.1271,78.6569,,,,,0,1,
Telengana,,1,0,2020-03-15,18.1124,79.0193,,,,,0,3,
Union Territory of Jammu and Kashmir,,0,0,2020-03-15,33.7782,76.5762,,,,,0,2,
Union Territory of Ladakh,,0,0,2020-03-15,34.2996,78.2932,,,,,0,3,
Uttar Pradesh,,4,0,2020-03-15,26.8467,80.9462,,,,,1,12,
Uttarakhand,,0,0,2020-03-15,30.0668,79.0193,,,,,0,1,
Andhra Pradesh,,0,0,2020-03-16,15.9129,79.74,,,,,0,1,
Delhi,,2,1,2020-03-16,28.7041,77.1025,,,,,0,7,
Haryana,,0,0,2020-03-16,29.0588,76.0856,,,,,14,0,
Karnataka,,0,1,2020-03-16,15.3173,75.7139,,,,,0,6,
Kerala,,3,0,2020-03-16,10.8505,76.2711,,,,,0,23,
Maharashtra,,0,0,2020-03-16,19.7515,75.7139,,,,,0,32,
Odisha,,0,0,2020-03-16,20.9517,85.0985,,,,,0,1,
Punjab,,0,0,2020-03-16,31.1471,75.3412,,,,,0,1,
Rajasthan,,3,0,2020-03-16,27.0238,74.2179,,,,,2,2,
Tamil Nadu,,0,0,2020-03-16,11.1271,78.6569,,,,,0,1,
Telengana,,1,0,2020-03-16,18.1124,79.0193,,,,,0,3,
Union Territory of Jammu and Kashmir,,0,0,2020-03-16,33.7782,76.5762,,,,,0,3,
Union Territory of Ladakh,,0,0,2020-03-16,34.2996,78.2932,,,,,0,4,
Uttar Pradesh,,4,0,2020-03-16,26.8467,80.9462,,,,,1,12,
Uttarakhand,,0,0,2020-03-16,30.0668,79.0193,,,,,0,1,
Andhra Pradesh,,0,0,2020-03-17,15.9129,79.74,,,,,0,1,
Delhi,,2,1,2020-03-17,28.7041,77.1025,,,,,0,8,
Haryana,,0,0,2020-03-17,29.0588,76.0856,,,,,14,1,
Karnataka,,0,1,2020-03-17,15.3173,75.7139,,,,,0,11,
Kerala,,3,0,2020-03-17,10.8505,76.2711,,,,,2,24,
Maharashtra,,0,1,2020-03-17,19.7515,75.7139,,,,,3,36,
Odisha,,0,0,2020-03-17,20.9517,85.0985,,,,,0,1,
Punjab,,0,0,2020-03-17,31.1471,75.3412,,,,,0,1,
Rajasthan,,3,0,2020-03-17,27.0238,74.2179,,,,,2,2,
Tamil Nadu,,0,0,2020-03-17,11.1271,78.6569,,,,,0,1,
Telengana,,1,0,2020-03-17,18.1124,79.0193,,,,,2,3,
Union Territory of Jammu and Kashmir,,0,0,2020-03-17,33.7782,76.5762,,,,,0,3,
Union Territory of Ladakh,,0,0,2020-03-17,34.2996,78.2932,,,,,0,6,
Uttar Pradesh,,5,0,2020-03-17,26.8467,80.9462,,,,,1,14,
Uttarakhand,,0,0,2020-03-17,30.0668,79.0193,,,,,0,1,
Andhra Pradesh,,0,0,2020-03-18,15.9129,79.74,,,,,0,1,
Delhi,,2,1,2020-03-18,28.7041,77.1025,,,,,1,9,
Haryana,,0,0,2020-03-18,29.0588,76.0856,,,,,14,3,
Karnataka,,0,1,2020-03-18,15.3173,75.7139,,,,,0,11,
Kerala,,3,0,2020-03-18,10.8505,76.2711,,,,,2,25,
Maharashtra,,0,1,2020-03-18,19.7515,75.7139,,,,,3,39,
Odisha,,0,0,2020-03-18,20.9517,85.0985,,,,,0,1,
Puducherry,,0,0,2020-03-18,11.9416,79.8083,,,,,0,1,
Punjab,,0,0,2020-03-18,31.1471,75.3412,,,,,0,1,
Rajasthan,,3,0,2020-03-18,27.0238,74.2179,,,,,2,2,
Tamil Nadu,,0,0,2020-03-18,11.1271,78.6569,,,,,0,1,
Telengana,,1,0,2020-03-18,18.1124,79.0193,,,,,2,4,
Union Territory of Jammu and Kashmir,,0,0,2020-03-18,33.7782,76.5762,,,,,0,3,
Union Territory of Ladakh,,0,0,2020-03-18,34.2996,78.2932,,,,,0,8,
Uttar Pradesh,,5,0,2020-03-18,26.8467,80.9462,,,,,1,15,
Uttarakhand,,0,0,2020-03-18,30.0668,79.0193,,,,,0,1,
West Bengal,,0,0,2020-03-18,22.9868,87.855,,,,,0,1,
Andhra Pradesh,,0,0,2020-03-19,15.9129,79.74,,,,,0,2,
Chhattisgarh,,0,0,2020-03-19,21.2787,81.8661,,,,,0,1,
Delhi,,3,1,2020-03-19,28.7041,77.1025,,,,,1,11,
Haryana,,0,0,2020-03-19,29.0588,76.0856,,,,,14,3,
Karnataka,,0,1,2020-03-19,15.3173,75.7139,,,,,0,14,
Kerala,,3,0,2020-03-19,10.8505,76.2711,,,,,2,25,
Maharashtra,,0,1,2020-03-19,19.7515,75.7139,,,,,3,44,
Odisha,,0,0,2020-03-19,20.9517,85.0985,,,,,0,1,
Puducherry,,0,0,2020-03-19,11.9416,79.8083,,,,,0,1,
Punjab,,0,1,2020-03-19,31.1471,75.3412,,,,,0,2,
Rajasthan,,3,0,2020-03-19,27.0238,74.2179,,,,,2,5,
Tamil Nadu,,1,0,2020-03-19,11.1271,78.6569,,,,,0,2,
Telengana,,1,0,2020-03-19,18.1124,79.0193,,,,,2,4,
Union Territory of Chandigarh,,0,0,2020-03-19,30.7333,76.7794,,,,,0,1,
Union Territory of Jammu and Kashmir,,0,0,2020-03-19,33.7782,76.5762,,,,,0,4,
Union Territory of Ladakh,,0,0,2020-03-19,34.2996,78.2932,,,,,0,8,
Uttar Pradesh,,9,0,2020-03-19,26.8467,80.9462,,,,,1,18,
Uttarakhand,,0,0,2020-03-19,30.0668,79.0193,,,,,0,1,
West Bengal,,0,0,2020-03-19,22.9868,87.855,,,,,0,1,
Andhra Pradesh,,0,0,2020-03-20,15.9129,79.74,,,,,0,2,
Chhattisgarh,,0,0,2020-03-20,21.2787,81.8661,,,,,0,1,
Delhi,,3,1,2020-03-20,28.7041,77.1025,,,,,1,16,
Gujarat,,0,0,2020-03-20,22.2587,71.1924,,,,,0,2,
Haryana,,0,0,2020-03-20,29.0588,76.0856,,,,,14,3,
Karnataka,,0,1,2020-03-20,15.3173,75.7139,,,,,0,15,
Kerala,,3,0,2020-03-20,10.8505,76.2711,,,,,2,26,
Maharashtra,,0,1,2020-03-20,19.7515,75.7139,,,,,3,44,
Odisha,,0,0,2020-03-20,20.9517,85.0985,,,,,0,1,
Puducherry,,0,0,2020-03-20,11.9416,79.8083,,,,,0,1,
Punjab,,0,1,2020-03-20,31.1471,75.3412,,,,,0,2,
Rajasthan,,3,0,2020-03-20,27.0238,74.2179,,,,,2,5,
Tamil Nadu,,1,0,2020-03-20,11.1271,78.6569,,,,,0,3,
Telengana,,1,0,2020-03-20,18.1124,79.0193,,,,,9,7,
Union Territory of Chandigarh,,0,0,2020-03-20,30.7333,76.7794,,,,,0,1,
Union Territory of Jammu and Kashmir,,0,0,2020-03-20,33.7782,76.5762,,,,,0,4,
Union Territory of Ladakh,,0,0,2020-03-20,34.2996,78.2932,,,,,0,10,
Uttar Pradesh,,9,0,2020-03-20,26.8467,80.9462,,,,,1,18,
Uttarakhand,,0,0,2020-03-20,30.0668,79.0193,,,,,0,1,
West Bengal,,0,0,2020-03-20,22.9868,87.855,,,,,0,1,
Andhra Pradesh,,0,0,2020-03-21,15.9129,79.74,,,,,0,3,
Chandigarh,,0,0,2020-03-21,30.7333,76.7794,,,,,0,1,
Chhattisgarh,,0,0,2020-03-21,21.2787,81.8661,,,,,0,1,
Delhi,,5,1,2020-03-21,28.7041,77.1025,,,,,1,25,
Gujarat,,0,0,2020-03-21,22.2587,71.1924,,,,,0,7,
Haryana,,0,0,2020-03-21,29.0588,76.0856,,,,,14,3,
Himachal Pradesh,,0,0,2020-03-21,31.1048,77.1734,,,,,0,2,
Jammu and Kashmir,,0,0,2020-03-21,33.7782,76.5762,,,,,0,4,
Karnataka,,1,1,2020-03-21,15.3173,75.7139,,,,,0,15,
Kerala,,3,0,2020-03-21,10.8505,76.2711,,,,,7,33,
Ladakh,,0,0,2020-03-21,34.2996,78.2932,,,,,0,13,
Madhya Pradesh,,0,0,2020-03-21,22.9734,78.6569,,,,,0,4,
Maharashtra,,0,1,2020-03-21,19.7515,75.7139,,,,,3,60,
Odisha,,0,0,2020-03-21,20.9517,85.0985,,,,,0,2,
Puducherry,,0,0,2020-03-21,11.9416,79.8083,,,,,0,1,
Punjab,,0,1,2020-03-21,31.1471,75.3412,,,,,0,13,
Rajasthan,,3,0,2020-03-21,27.0238,74.2179,,,,,2,15,
Tamil Nadu,,1,0,2020-03-21,11.1271,78.6569,,,,,0,3,
Telengana,,1,0,2020-03-21,18.1124,79.0193,,,,,11,10,
Uttar Pradesh,,9,0,2020-03-21,26.8467,80.9462,,,,,1,23,
Uttarakhand,,0,0,2020-03-21,30.0668,79.0193,,,,,0,3,
West Bengal,,0,0,2020-03-21,22.9868,87.855,,,,,0,3,
Andhra Pradesh,,0,0,2020-03-22,15.9129,79.74,,,,,0,5,
Bihar,,0,1,2020-03-22,25.0961,85.3131,,,,,0,2,
Chandigarh,,0,0,2020-03-22,30.7333,76.7794,,,,,0,5,
Chhattisgarh,,0,0,2020-03-22,21.2787,81.8661,,,,,0,1,
Delhi,,5,1,2020-03-22,28.7041,77.1025,,,,,1,28,
Gujarat,,0,1,2020-03-22,22.2587,71.1924,,,,,0,18,
Haryana,,0,0,2020-03-22,29.0588,76.0856,,,,,14,7,
Himachal Pradesh,,0,0,2020-03-22,31.1048,77.1734,,,,,0,2,
Jammu and Kashmir,,0,0,2020-03-22,33.7782,76.5762,,,,,0,4,
Karnataka,,2,1,2020-03-22,15.3173,75.7139,,,,,0,26,
Kerala,,3,0,2020-03-22,10.8505,76.2711,,,,,7,45,
Ladakh,,0,0,2020-03-22,34.2996,78.2932,,,,,0,13,
Madhya Pradesh,,0,0,2020-03-22,22.9734,78.6569,,,,,0,4,
Maharashtra,,0,2,2020-03-22,19.7515,75.7139,,,,,3,64,
Odisha,,0,0,2020-03-22,20.9517,85.0985,,,,,0,2,
Puducherry,,0,0,2020-03-22,11.9416,79.8083,,,,,0,1,
Punjab,,0,1,2020-03-22,31.1471,75.3412,,,,,0,21,
Rajasthan,,3,0,2020-03-22,27.0238,74.2179,,,,,2,22,
Tamil Nadu,,1,0,2020-03-22,11.1271,78.6569,,,,,2,5,
Telengana,,1,0,2020-03-22,18.1124,79.0193,,,,,11,11,
Uttar Pradesh,,9,0,2020-03-22,26.8467,80.9462,,,,,1,26,
Uttarakhand,,0,0,2020-03-22,30.0668,79.0193,,,,,0,3,
West Bengal,,0,0,2020-03-22,22.9868,87.855,,,,,0,4,
Andhra Pradesh,,0,0,2020-03-23,15.9129,79.74,,,,,0,7,
Bihar,,0,1,2020-03-23,25.0961,85.3131,,,,,0,2,
Chandigarh,,0,0,2020-03-23,30.7333,76.7794,,,,,0,6,
Chhattisgarh,,0,0,2020-03-23,21.2787,81.8661,,,,,0,1,
Delhi,,5,1,2020-03-23,28.7041,77.1025,,,,,1,28,
Gujarat,,0,1,2020-03-23,22.2587,71.1924,,,,,0,29,
Haryana,,11,0,2020-03-23,29.0588,76.0856,,,,,14,12,
Himachal Pradesh,,0,0,2020-03-23,31.1048,77.1734,,,,,0,2,
Jammu and Kashmir,,0,0,2020-03-23,33.7782,76.5762,,,,,0,4,
Karnataka,,2,1,2020-03-23,15.3173,75.7139,,,,,0,33,
Kerala,,3,0,2020-03-23,10.8505,76.2711,,,,,7,60,
Ladakh,,0,0,2020-03-23,34.2996,78.2932,,,,,0,13,
Madhya Pradesh,,0,0,2020-03-23,22.9734,78.6569,,,,,0,6,
Maharashtra,,0,2,2020-03-23,19.7515,75.7139,,,,,3,71,
Odisha,,0,0,2020-03-23,20.9517,85.0985,,,,,0,2,
Puducherry,,0,0,2020-03-23,11.9416,79.8083,,,,,0,1,
Punjab,,0,1,2020-03-23,31.1471,75.3412,,,,,0,21,
Rajasthan,,3,0,2020-03-23,27.0238,74.2179,,,,,2,26,
Tamil Nadu,,1,0,2020-03-23,11.1271,78.6569,,,,,2,7,
Telengana,,1,0,2020-03-23,18.1124,79.0193,,,,,10,22,
Uttar Pradesh,,9,0,2020-03-23,26.8467,80.9462,,,,,1,30,
Uttarakhand,,0,0,2020-03-23,30.0668,79.0193,,,,,0,3,
West Bengal,,0,1,2020-03-23,22.9868,87.855,,,,,0,7,
Andhra Pradesh,,0,0,2020-03-24,15.9129,79.74,,,,,0,8,
Bihar,,0,1,2020-03-24,25.0961,85.3131,,,,,0,3,
Chandigarh,,0,0,2020-03-24,30.7333,76.7794,,,,,0,7,
Chhattisgarh,,0,0,2020-03-24,21.2787,81.8661,,,,,0,1,
Delhi,,6,2,2020-03-24,28.7041,77.1025,,,,,1,29,
Gujarat,,0,1,2020-03-24,22.2587,71.1924,,,,,1,32,
Haryana,,11,0,2020-03-24,29.0588,76.0856,,,,,14,14,
Himachal Pradesh,,0,1,2020-03-24,31.1048,77.1734,,,,,0,3,
Jammu and Kashmir,,0,0,2020-03-24,33.7782,76.5762,,,,,0,4,
Karnataka,,3,1,2020-03-24,15.3173,75.7139,,,,,0,37,
Kerala,,4,0,2020-03-24,10.8505,76.2711,,,,,8,87,
Ladakh,,0,0,2020-03-24,34.2996,78.2932,,,,,0,13,
Madhya Pradesh,,0,0,2020-03-24,22.9734,78.6569,,,,,0,7,
Maharashtra,,0,2,2020-03-24,19.7515,75.7139,,,,,3,86,
Manipur,,0,0,2020-03-24,24.6637,93.9063,,,,,0,1,
Odisha,,0,0,2020-03-24,20.9517,85.0985,,,,,0,2,
Puducherry,,0,0,2020-03-24,11.9416,79.8083,,,,,0,1,
Punjab,,0,1,2020-03-24,31.1471,75.3412,,,,,0,29,
Rajasthan,,3,0,2020-03-24,27.0238,74.2179,,,,,2,30,
Tamil Nadu,,1,0,2020-03-24,11.1271,78.6569,,,,,2,13,
Telengana,,1,0,2020-03-24,18.1124,79.0193,,,,,10,25,
Uttar Pradesh,,11,0,2020-03-24,26.8467,80.9462,,,,,1,32,
Uttarakhand,,0,0,2020-03-24,30.0668,79.0193,,,,,1,3,
West Bengal,,0,1,2020-03-24,22.9868,87.855,,,,,0,9,
Andhra Pradesh,,1,0,2020-03-25,15.9129,79.74,,,,,0,9,
Bihar,,0,1,2020-03-25,25.0961,85.3131,,,,,0,4,
Chandigarh,,0,0,2020-03-25,30.7333,76.7794,,,,,0,7,
Chhattisgarh,,0,0,2020-03-25,21.2787,81.8661,,,,,0,1,
Delhi,,6,1,2020-03-25,28.7041,77.1025,,,,,1,30,
Gujarat,,0,1,2020-03-25,22.2587,71.1924,,,,,1,37,
Haryana,,11,0,2020-03-25,29.0588,76.0856,,,,,14,14,
Himachal Pradesh,,0,1,2020-03-25,31.1048,77.1734,,,,,0,3,
Jammu and Kashmir,,1,0,2020-03-25,33.7782,76.5762,,,,,0,7,
Karnataka,,3,1,2020-03-25,15.3173,75.7139,,,,,0,41,
Kerala,,4,0,2020-03-25,10.8505,76.2711,,,,,8,101,
Ladakh,,0,0,2020-03-25,34.2996,78.2932,,,,,0,13,
Madhya Pradesh,,0,0,2020-03-25,22.9734,78.6569,,,,,0,14,
Maharashtra,,1,3,2020-03-25,19.7515,75.7139,,,,,3,125,
Manipur,,0,0,2020-03-25,24.6637,93.9063,,,,,0,1,
Mizoram,,0,0,2020-03-25,23.1645,92.9376,,,,,0,1,
Odisha,,0,0,2020-03-25,20.9517,85.0985,,,,,0,2,
Puducherry,,0,0,2020-03-25,11.9416,79.8083,,,,,0,1,
Punjab,,0,1,2020-03-25,31.1471,75.3412,,,,,0,29,
Rajasthan,,3,0,2020-03-25,27.0238,74.2179,,,,,2,34,
Tamil Nadu,,1,0,2020-03-25,11.1271,78.6569,,,,,2,16,
Telengana,,1,0,2020-03-25,18.1124,79.0193,,,,,10,25,
Uttar Pradesh,,11,0,2020-03-25,26.8467,80.9462,,,,,1,36,
Uttarakhand,,0,0,2020-03-25,30.0668,79.0193,,,,,1,3,
West Bengal,,0,1,2020-03-25,22.9868,87.855,,,,,0,9,
Andaman and Nicobar Islands,,0,0,2020-03-26,11.7401,92.6586,,,,,0,1,
Andhra Pradesh,,1,0,2020-03-26,15.9129,79.74,,,,,0,11,
Bihar,,0,1,2020-03-26,25.0961,85.3131,,,,,0,6,
Chandigarh,,0,0,2020-03-26,30.7333,76.7794,,,,,0,7,
Chhattisgarh,,0,0,2020-03-26,21.2787,81.8661,,,,,0,6,
Delhi,,6,1,2020-03-26,28.7041,77.1025,,,,,1,35,
Goa,,0,0,2020-03-26,15.2993,74.124,,,,,0,3,
Gujarat,,0,3,2020-03-26,22.2587,71.1924,,,,,1,42,
Haryana,,11,0,2020-03-26,29.0588,76.0856,,,,,14,16,
Himachal Pradesh,,0,1,2020-03-26,31.1048,77.1734,,,,,0,3,
Jammu and Kashmir,,1,1,2020-03-26,33.7782,76.5762,,,,,0,13,
Karnataka,,3,2,2020-03-26,15.3173,75.7139,,,,,0,55,
Kerala,,6,0,2020-03-26,10.8505,76.2711,,,,,8,110,
Ladakh,,0,0,2020-03-26,34.2996,78.2932,,,,,0,13,
Madhya Pradesh,,0,1,2020-03-26,22.9734,78.6569,,,,,0,20,
Maharashtra,,1,3,2020-03-26,19.7515,75.7139,,,,,3,121,
Manipur,,0,0,2020-03-26,24.6637,93.9063,,,,,0,1,
Mizoram,,0,0,2020-03-26,23.1645,92.9376,,,,,0,1,
Odisha,,0,0,2020-03-26,20.9517,85.0985,,,,,0,2,
Puducherry,,0,0,2020-03-26,11.9416,79.8083,,,,,0,1,
Punjab,,0,1,2020-03-26,31.1471,75.3412,,,,,0,33,
Rajasthan,,3,0,2020-03-26,27.0238,74.2179,,,,,2,39,
Tamil Nadu,,1,1,2020-03-26,11.1271,78.6569,,,,,6,20,
Telengana,,1,0,2020-03-26,18.1124,79.0193,,,,,10,34,
Uttar Pradesh,,11,0,2020-03-26,26.8467,80.9462,,,,,1,40,
Uttarakhand,,0,0,2020-03-26,30.0668,79.0193,,,,,1,4,
West Bengal,,0,1,2020-03-26,22.9868,87.855,,,,,0,10,
Andaman and Nicobar Islands,,0,0,2020-03-27,11.7401,92.6586,,,,,0,1,
Andhra Pradesh,,1,0,2020-03-27,15.9129,79.74,,,,,0,12,
Bihar,,0,1,2020-03-27,25.0961,85.3131,,,,,0,6,
Chandigarh,,0,0,2020-03-27,30.7333,76.7794,,,,,0,7,
Chhattisgarh,,0,0,2020-03-27,21.2787,81.8661,,,,,0,6,
Delhi,,6,1,2020-03-27,28.7041,77.1025,,,,,1,35,
Goa,,0,0,2020-03-27,15.2993,74.124,,,,,0,3,
Gujarat,,0,3,2020-03-27,22.2587,71.1924,,,,,1,42,
Haryana,,11,0,2020-03-27,29.0588,76.0856,,,,,14,16,
Himachal Pradesh,,0,1,2020-03-27,31.1048,77.1734,,,,,0,3,
Jammu and Kashmir,,1,1,2020-03-27,33.7782,76.5762,,,,,0,13,
Karnataka,,3,2,2020-03-27,15.3173,75.7139,,,,,0,55,
Kerala,,11,0,2020-03-27,10.8505,76.2711,,,,,8,129,
Ladakh,,3,0,2020-03-27,34.2996,78.2932,,,,,0,13,
Madhya Pradesh,,0,1,2020-03-27,22.9734,78.6569,,,,,0,20,
Maharashtra,,15,4,2020-03-27,19.7515,75.7139,,,,,3,127,
Manipur,,0,0,2020-03-27,24.6637,93.9063,,,,,0,1,
Mizoram,,0,0,2020-03-27,23.1645,92.9376,,,,,0,1,
Odisha,,0,0,2020-03-27,20.9517,85.0985,,,,,0,2,
Puducherry,,0,0,2020-03-27,11.9416,79.8083,,,,,0,1,
Punjab,,0,1,2020-03-27,31.1471,75.3412,,,,,0,33,
Rajasthan,,3,0,2020-03-27,27.0238,74.2179,,,,,2,39,
Tamil Nadu,,1,1,2020-03-27,11.1271,78.6569,,,,,6,23,
Telengana,,1,0,2020-03-27,18.1124,79.0193,,,,,10,35,
Uttar Pradesh,,11,0,2020-03-27,26.8467,80.9462,,,,,1,40,
Uttarakhand,,0,0,2020-03-27,30.0668,79.0193,,,,,1,4,
West Bengal,,0,1,2020-03-27,22.9868,87.855,,,,,0,10,
Andaman and Nicobar Islands,,0,0,2020-03-28,11.7401,92.6586,,,,,0,6,
Andhra Pradesh,,1,0,2020-03-28,15.9129,79.74,,,,,0,14,
Bihar,,0,1,2020-03-28,25.0961,85.3131,,,,,0,9,
Chandigarh,,0,0,2020-03-28,30.7333,76.7794,,,,,0,8,
Chhattisgarh,,0,0,2020-03-28,21.2787,81.8661,,,,,0,6,
Delhi,,6,1,2020-03-28,28.7041,77.1025,,,,,1,38,
Goa,,0,0,2020-03-28,15.2993,74.124,,,,,0,3,
Gujarat,,0,3,2020-03-28,22.2587,71.1924,,,,,1,44,
Haryana,,12,0,2020-03-28,29.0588,76.0856,,,,,14,19,
Himachal Pradesh,,0,1,2020-03-28,31.1048,77.1734,,,,,0,3,
Jammu and Kashmir,,1,1,2020-03-28,33.7782,76.5762,,,,,0,20,
Karnataka,,3,2,2020-03-28,15.3173,75.7139,,,,,0,55,
Kerala,,11,0,2020-03-28,10.8505,76.2711,,,,,8,168,
Ladakh,,3,0,2020-03-28,34.2996,78.2932,,,,,0,13,
Madhya Pradesh,,0,2,2020-03-28,22.9734,78.6569,,,,,0,30,
Maharashtra,,25,5,2020-03-28,19.7515,75.7139,,,,,3,177,
Manipur,,0,0,2020-03-28,24.6637,93.9063,,,,,0,1,
Mizoram,,0,0,2020-03-28,23.1645,92.9376,,,,,0,1,
Odisha,,0,0,2020-03-28,20.9517,85.0985,,,,,0,3,
Puducherry,,0,0,2020-03-28,11.9416,79.8083,,,,,0,1,
Punjab,,1,1,2020-03-28,31.1471,75.3412,,,,,0,38,
Rajasthan,,3,0,2020-03-28,27.0238,74.2179,,,,,2,52,
Tamil Nadu,,2,1,2020-03-28,11.1271,78.6569,,,,,6,34,
Telengana,,1,0,2020-03-28,18.1124,79.0193,,,,,10,46,
Uttar Pradesh,,11,0,2020-03-28,26.8467,80.9462,,,,,1,54,
Uttarakhand,,0,0,2020-03-28,30.0668,79.0193,,,,,1,4,
West Bengal,,0,1,2020-03-28,22.9868,87.855,,,,,0,15,
Andaman and Nicobar Islands,,0,0,2020-03-29,11.7401,92.6586,,,,,0,9,
Andhra Pradesh,,1,0,2020-03-29,15.9129,79.74,,,,,0,14,
Bihar,,0,1,2020-03-29,25.0961,85.3131,,,,,0,9,
Chandigarh,,0,0,2020-03-29,30.7333,76.7794,,,,,0,8,
Chhattisgarh,,0,0,2020-03-29,21.2787,81.8661,,,,,0,0,7.0
Delhi,,6,2,2020-03-29,28.7041,77.1025,,,,,0,0,49.0
Goa,,0,0,2020-03-29,15.2993,74.124,,,,,0,0,5.0
Gujarat,,1,5,2020-03-29,22.2587,71.1924,,,,,0,0,58.0
Haryana,,17,0,2020-03-29,29.0588,76.0856,,,,,0,0,33.0
Himachal Pradesh,,0,1,2020-03-29,31.1048,77.1734,,,,,0,0,3.0
Jammu and Kashmir,,1,2,2020-03-29,33.7782,76.5762,,,,,0,0,31.0
Karnataka,,5,3,2020-03-29,15.3173,75.7139,,,,,0,0,76.0
Kerala,,15,1,2020-03-29,10.8505,76.2711,,,,,8,174,
Ladakh,,3,0,2020-03-29,34.2996,78.2932,,,,,0,13,
Madhya Pradesh,,0,2,2020-03-29,22.9734,78.6569,,,,,0,30,
Maharashtra,,25,6,2020-03-29,19.7515,75.7139,,,,,3,183,
Manipur,,0,0,2020-03-29,24.6637,93.9063,,,,,0,1,
Mizoram,,0,0,2020-03-29,23.1645,92.9376,,,,,0,1,
Odisha,,0,0,2020-03-29,20.9517,85.0985,,,,,0,3,
Puducherry,,0,0,2020-03-29,11.9416,79.8083,,,,,0,1,
Punjab,,1,1,2020-03-29,31.1471,75.3412,,,,,0,0,38.0
Rajasthan,,3,0,2020-03-29,27.0238,74.2179,,,,,2,52,
Tamil Nadu,,2,1,2020-03-29,11.1271,78.6569,,,,,6,36,
Telengana,,1,1,2020-03-29,18.1124,79.0193,,,,,10,56,
Uttar Pradesh,,11,0,2020-03-29,26.8467,80.9462,,,,,1,54,
Uttarakhand,,1,0,2020-03-29,30.0668,79.0193,,,,,1,5,
Andaman and Nicobar Islands,,0,0,2020-03-30,11.7401,92.6586,,,,,0,0,9.0
Andhra Pradesh,,1,0,2020-03-30,15.9129,79.74,,,,,0,0,23.0
Bihar,,0,1,2020-03-30,25.0961,85.3131,,,,,0,0,15.0
Chandigarh,,0,0,2020-03-30,30.7333,76.7794,,,,,0,0,8.0
Chhattisgarh,,0,0,2020-03-30,21.2787,81.8661,,,,,0,0,7.0
Delhi,,6,2,2020-03-30,28.7041,77.1025,,,,,0,0,87.0
Goa,,0,0,2020-03-30,15.2993,74.124,,,,,0,0,5.0
Gujarat,,1,6,2020-03-30,22.2587,71.1924,,,,,0,0,69.0
Haryana,,18,0,2020-03-30,29.0588,76.0856,,,,,0,0,36.0
Himachal Pradesh,,0,1,2020-03-30,31.1048,77.1734,,,,,0,0,3.0
Jammu and Kashmir,,2,2,2020-03-30,33.7782,76.5762,,,,,0,0,48.0
Karnataka,,5,3,2020-03-30,15.3173,75.7139,,,,,0,0,83.0
Kerala,,19,1,2020-03-30,10.8505,76.2711,,,,,0,0,202.0
Ladakh,,3,0,2020-03-30,34.2996,78.2932,,,,,0,0,13.0
Madhya Pradesh,,0,3,2020-03-30,22.9734,78.6569,,,,,0,0,47.0
Maharashtra,,25,8,2020-03-30,19.7515,75.7139,,,,,0,0,198.0
Manipur,,0,0,2020-03-30,24.6637,93.9063,,,,,0,0,1.0
Mizoram,,0,0,2020-03-30,23.1645,92.9376,,,,,0,0,1.0
Odisha,,0,0,2020-03-30,20.9517,85.0985,,,,,0,0,3.0
Puducherry,,0,0,2020-03-30,11.9416,79.8083,,,,,0,0,1.0
Punjab,,1,1,2020-03-30,31.1471,75.3412,,,,,0,0,38.0
Rajasthan,,3,0,2020-03-30,27.0238,74.2179,,,,,0,0,59.0
Tamil Nadu,,4,1,2020-03-30,11.1271,78.6569,,,,,0,0,67.0
Telengana,,1,1,2020-03-30,18.1124,79.0193,,,,,0,0,71.0
Uttar Pradesh,,11,0,2020-03-30,26.8467,80.9462,,,,,0,0,82.0
Uttarakhand,,2,0,2020-03-30,30.0668,79.0193,,,,,0,0,7.0
West Bengal,,0,2,2020-03-30,22.9868,87.855,,,,,0,0,22.0
Andaman and Nicobar Islands,,0,0,2020-03-31,11.7401,92.6586,,,,,0,0,9.0
Andhra Pradesh,,1,0,2020-03-31,15.9129,79.74,,,,,0,0,23.0
Bihar,,0,1,2020-03-31,25.0961,85.3131,,,,,0,0,15.0
Chandigarh,,0,0,2020-03-31,30.7333,76.7794,,,,,0,0,8.0
Chhattisgarh,,0,0,2020-03-31,21.2787,81.8661,,,,,0,0,7.0
Delhi,,6,2,2020-03-31,28.7041,77.1025,,,,,0,0,87.0
Goa,,0,0,2020-03-31,15.2993,74.124,,,,,0,0,5.0
Gujarat,,1,6,2020-03-31,22.2587,71.1924,,,,,0,0,69.0
Haryana,,18,0,2020-03-31,29.0588,76.0856,,,,,0,0,36.0
Himachal Pradesh,,0,1,2020-03-31,31.1048,77.1734,,,,,0,0,3.0
Jammu and Kashmir,,2,2,2020-03-31,33.7782,76.5762,,,,,0,0,48.0
Karnataka,,5,3,2020-03-31,15.3173,75.7139,,,,,0,0,83.0
Kerala,,19,1,2020-03-31,10.8505,76.2711,,,,,0,0,202.0
Ladakh,,3,0,2020-03-31,34.2996,78.2932,,,,,0,0,13.0
Madhya Pradesh,,0,3,2020-03-31,22.9734,78.6569,,,,,0,0,47.0
Maharashtra,,25,8,2020-03-31,19.7515,75.7139,,,,,0,0,198.0
Manipur,,0,0,2020-03-31,24.6637,93.9063,,,,,0,0,1.0
Mizoram,,0,0,2020-03-31,23.1645,92.9376,,,,,0,0,1.0
Odisha,,0,0,2020-03-31,20.9517,85.0985,,,,,0,0,3.0
Puducherry,,0,0,2020-03-31,11.9416,79.8083,,,,,0,0,1.0
Punjab,,1,1,2020-03-31,31.1471,75.3412,,,,,0,0,38.0
Rajasthan,,3,0,2020-03-31,27.0238,74.2179,,,,,0,0,59.0
Tamil Nadu,,4,1,2020-03-31,11.1271,78.6569,,,,,0,0,67.0
Telengana,,1,1,2020-03-31,18.1124,79.0193,,,,,0,0,71.0
Uttar Pradesh,,11,0,2020-03-31,26.8467,80.9462,,,,,0,0,82.0
Uttarakhand,,2,0,2020-03-31,30.0668,79.0193,,,,,0,0,7.0
West Bengal,,0,2,2020-03-31,22.9868,87.855,,,,,0,0,22.0
Andaman and Nicobar Islands,,0,0,2020-04-01,11.7401,92.6586,,,,10.0,0,0,
Andhra Pradesh,,1,0,2020-04-01,15.9129,79.74,,,,83.0,0,0,
Bihar,,0,1,2020-04-01,25.0961,85.3131,,,,23.0,0,0,
Chandigarh,,0,0,2020-04-01,30.7333,76.7794,,,,13.0,0,0,
Chhattisgarh,,0,0,2020-04-01,21.2787,81.8661,,,,9.0,0,0,
Delhi,,6,2,2020-04-01,28.7041,77.1025,,,,120.0,0,0,
Goa,,0,0,2020-04-01,15.2993,74.124,,,,5.0,0,0,
Gujarat,,5,6,2020-04-01,22.2587,71.1924,,,,74.0,0,0,
Haryana,,21,0,2020-04-01,29.0588,76.0856,,,,43.0,0,0,
Himachal Pradesh,,0,1,2020-04-01,31.1048,77.1734,,,,3.0,0,0,
Jammu and Kashmir,,2,2,2020-04-01,33.7782,76.5762,,,,55.0,0,0,
Karnataka,,8,3,2020-04-01,15.3173,75.7139,,,,101.0,0,0,
Kerala,,23,2,2020-04-01,10.8505,76.2711,,,,241.0,0,0,
Ladakh,,3,0,2020-04-01,34.2996,78.2932,,,,13.0,0,0,
Madhya Pradesh,,0,3,2020-04-01,22.9734,78.6569,,,,47.0,0,0,
Maharashtra,,39,9,2020-04-01,19.7515,75.7139,,,,302.0,0,0,
Manipur,,0,0,2020-04-01,24.6637,93.9063,,,,1.0,0,0,
Mizoram,,0,0,2020-04-01,23.1645,92.9376,,,,1.0,0,0,
Odisha,,0,0,2020-04-01,20.9517,85.0985,,,,4.0,0,0,
Puducherry,,0,0,2020-04-01,11.9416,79.8083,,,,1.0,0,0,
Punjab,,1,3,2020-04-01,31.1471,75.3412,,,,41.0,0,0,
Rajasthan,,3,0,2020-04-01,27.0238,74.2179,,,,93.0,0,0,
Tamil Nadu,,4,1,2020-04-01,11.1271,78.6569,,,,124.0,0,0,
Telengana,,1,3,2020-04-01,18.1124,79.0193,,,,94.0,0,0,
Uttar Pradesh,,14,0,2020-04-01,26.8467,80.9462,,,,103.0,0,0,
Uttarakhand,,2,0,2020-04-01,30.0668,79.0193,,,,7.0,0,0,
Andaman and Nicobar Islands,,1,0,2020-04-02,11.7401,92.6586,,,10.0,,0,0,
Andhra Pradesh,,0,0,2020-04-02,15.9129,79.74,,,83.0,,0,0,
Assam,,0,0,2020-04-02,,,,,1.0,,0,0,
Bihar,,0,1,2020-04-02,25.0961,85.3131,,,23.0,,0,0,
Chandigarh,,0,0,2020-04-02,30.7333,76.7794,,,16.0,,0,0,
Chhattisgarh,,2,0,2020-04-02,21.2787,81.8661,,,9.0,,0,0,
Delhi,,6,2,2020-04-02,28.7041,77.1025,,,152.0,,0,0,
Goa,,0,0,2020-04-02,15.2993,74.124,,,5.0,,0,0,
Gujarat,,5,6,2020-04-02,22.2587,71.1924,,,82.0,,0,0,
Haryana,,21,0,2020-04-02,29.0588,76.0856,,,43.0,,0,0,
Himachal Pradesh,,0,1,2020-04-02,31.1048,77.1734,,,3.0,,0,0,
Jammu and Kashmir,,2,2,2020-04-02,33.7782,76.5762,,,62.0,,0,0,
Jharkhand,,0,0,2020-04-02,,,,,1.0,,0,0,
Karnataka,,8,3,2020-04-02,15.3173,75.7139,,,101.0,,0,0,
Kerala,,23,2,2020-04-02,10.8505,76.2711,,,241.0,,0,0,
Ladakh,,3,0,2020-04-02,34.2996,78.2932,,,13.0,,0,0,
Madhya Pradesh,,0,3,2020-04-02,22.9734,78.6569,,,66.0,,0,0,
Maharashtra,,39,9,2020-04-02,19.7515,75.7139,,,302.0,,0,0,
Manipur,,0,0,2020-04-02,24.6637,93.9063,,,1.0,,0,0,
Mizoram,,0,0,2020-04-02,23.1645,92.9376,,,1.0,,0,0,
Odisha,,0,0,2020-04-02,20.9517,85.0985,,,4.0,,0,0,
Puducherry,,1,0,2020-04-02,11.9416,79.8083,,,3.0,,0,0,
Punjab,,1,3,2020-04-02,31.1471,75.3412,,,42.0,,0,0,
Rajasthan,,3,0,2020-04-02,27.0238,74.2179,,,93.0,,0,0,
Tamil Nadu,,6,1,2020-04-02,11.1271,78.6569,,,234.0,,0,0,
Telengana,,1,3,2020-04-02,18.1124,79.0193,,,96.0,,0,0,
Uttar Pradesh,,14,2,2020-04-02,26.8467,80.9462,,,113.0,,0,0,
Uttarakhand,,2,0,2020-04-02,30.0668,79.0193,,,7.0,,0,0,
Andaman and Nicobar Islands,,0,0,2020-04-06,11.7401,92.6586,,10.0,,,0,0,
Andhra Pradesh,,1,3,2020-04-06,15.9129,79.74,,226.0,,,0,0,
Arunachal Pradesh,,0,0,2020-04-06,,,,1.0,,,0,0,
Assam,,0,0,2020-04-06,,,,26.0,,,0,0,
Bihar,,0,1,2020-04-06,25.0961,85.3131,,30.0,,,0,0,
Chandigarh,,0,0,2020-04-06,30.7333,76.7794,,18.0,,,0,0,
Chhattisgarh,,3,0,2020-04-06,21.2787,81.8661,,9.0,,,0,0,
Delhi,,18,7,2020-04-06,28.7041,77.1025,,503.0,,,0,0,
Goa,,0,0,2020-04-06,15.2993,74.124,,7.0,,,0,0,
Gujarat,,18,11,2020-04-06,22.2587,71.1924,,122.0,,,0,0,
Haryana,,25,1,2020-04-06,29.0588,76.0856,,84.0,,,0,0,
Himachal Pradesh,,1,1,2020-04-06,31.1048,77.1734,,13.0,,,0,0,
Jammu and Kashmir,,4,2,2020-04-06,33.7782,76.5762,,106.0,,,0,0,
Jharkhand,,0,0,2020-04-06,,,,3.0,,,0,0,
Karnataka,,12,4,2020-04-06,15.3173,75.7139,,151.0,,,0,0,
Kerala,,55,2,2020-04-06,10.8505,76.2711,,314.0,,,0,0,
Ladakh,,10,0,2020-04-06,34.2996,78.2932,,14.0,,,0,0,
Madhya Pradesh,,0,9,2020-04-06,22.9734,78.6569,,165.0,,,0,0,
Maharashtra,,42,45,2020-04-06,19.7515,75.7139,,690.0,,,0,0,
Manipur,,0,0,2020-04-06,24.6637,93.9063,,2.0,,,0,0,
Mizoram,,0,0,2020-04-06,23.1645,92.9376,,1.0,,,0,0,
Odisha,,2,0,2020-04-06,20.9517,85.0985,,21.0,,,0,0,
Puducherry,,1,0,2020-04-06,11.9416,79.8083,,5.0,,,0,0,
Punjab,,4,6,2020-04-06,31.1471,75.3412,,68.0,,,0,0,
Rajasthan,,21,0,2020-04-06,27.0238,74.2179,,253.0,,,0,0,
Tamil Nadu,,8,5,2020-04-06,11.1271,78.6569,,571.0,,,0,0,
Telengana,,34,7,2020-04-06,18.1124,79.0193,,321.0,,,0,0,
Uttar Pradesh,,19,2,2020-04-06,26.8467,80.9462,,227.0,,,0,0,
Uttarakhand,,4,0,2020-04-06,30.0668,79.0193,,26.0,,,0,0,
West Bengal,,10,3,2020-04-06,22.9868,87.855,,80.0,,,0,0,
Andaman and Nicobar Islands,,0,0,2020-04-07,11.7401,92.6586,,10.0,,,0,0,
Andhra Pradesh,,1,3,2020-04-07,15.9129,79.74,,266.0,,,0,0,
Arunachal Pradesh,,0,0,2020-04-07,,,,1.0,,,0,0,
Assam,,0,0,2020-04-07,,,,26.0,,,0,0,
Bihar,,0,1,2020-04-07,25.0961,85.3131,,32.0,,,0,0,
Chandigarh,,0,0,2020-04-07,30.7333,76.7794,,18.0,,,0,0,
Chhattisgarh,,8,0,2020-04-07,21.2787,81.8661,,10.0,,,0,0,
Delhi,,19,7,2020-04-07,28.7041,77.1025,,523.0,,,0,0,
Goa,,0,0,2020-04-07,15.2993,74.124,,7.0,,,0,0,
Gujarat,,22,12,2020-04-07,22.2587,71.1924,,144.0,,,0,0,
Haryana,,25,1,2020-04-07,29.0588,76.0856,,90.0,,,0,0,
Himachal Pradesh,,2,1,2020-04-07,31.1048,77.1734,,13.0,,,0,0,
Jammu and Kashmir,,4,2,2020-04-07,33.7782,76.5762,,109.0,,,0,0,
Jharkhand,,0,0,2020-04-07,,,,4.0,,,0,0,
Karnataka,,12,4,2020-04-07,15.3173,75.7139,,151.0,,,0,0,
Kerala,,58,2,2020-04-07,10.8505,76.2711,,327.0,,,0,0,
Ladakh,,10,0,2020-04-07,34.2996,78.2932,,14.0,,,0,0,
Madhya Pradesh,,0,9,2020-04-07,22.9734,78.6569,,165.0,,,0,0,
Maharashtra,,56,45,2020-04-07,19.7515,75.7139,,748.0,,,0,0,
Manipur,,0,0,2020-04-07,24.6637,93.9063,,2.0,,,0,0,
Mizoram,,0,0,2020-04-07,23.1645,92.9376,,1.0,,,0,0,
Odisha,,2,0,2020-04-07,20.9517,85.0985,,21.0,,,0,0,
Puducherry,,1,0,2020-04-07,11.9416,79.8083,,5.0,,,0,0,
Punjab,,4,6,2020-04-07,31.1471,75.3412,,76.0,,,0,0,
Rajasthan,,21,3,2020-04-07,27.0238,74.2179,,288.0,,,0,0,
Tamil Nadu,,8,5,2020-04-07,11.1271,78.6569,,621.0,,,0,0,
Telengana,,34,7,2020-04-07,18.1124,79.0193,,321.0,,,0,0,
Tripura,,0,0,2020-04-07,,,,1.0,,,0,0,
Uttar Pradesh,,21,3,2020-04-07,26.8467,80.9462,,305.0,,,0,0,
Uttarakhand,,5,0,2020-04-07,30.0668,79.0193,31.0,,,,0,0,
West Bengal,,13,3,2020-04-07,22.9868,87.855,91.0,,,,0,0,
Andaman and Nicobar Islands,,0,0,2020-04-08,11.7401,92.6586,10.0,,,,0,0,
Andhra Pradesh,,1,4,2020-04-08,15.9129,79.74,305.0,,,,0,0,
Arunachal Pradesh,,0,0,2020-04-08,,,1.0,,,,0,0,
Assam,,0,0,2020-04-08,,,27.0,,,,0,0,
Bihar,,0,1,2020-04-08,25.0961,85.3131,38.0,,,,0,0,
Chandigarh,,7,0,2020-04-08,30.7333,76.7794,18.0,,,,0,0,
Chhattisgarh,,9,0,2020-04-08,21.2787,81.8661,10.0,,,,0,0,
Delhi,,21,9,2020-04-08,28.7041,77.1025,576.0,,,,0,0,
Goa,,0,0,2020-04-08,15.2993,74.124,7.0,,,,0,0,
Gujarat,,25,13,2020-04-08,22.2587,71.1924,165.0,,,,0,0,
Haryana,,28,3,2020-04-08,29.0588,76.0856,147.0,,,,0,0,
Himachal Pradesh,,2,1,2020-04-08,31.1048,77.1734,18.0,,,,0,0,
Jammu and Kashmir,,4,2,2020-04-08,33.7782,76.5762,116.0,,,,0,0,
Jharkhand,,0,0,2020-04-08,,,4.0,,,,0,0,
Karnataka,,25,4,2020-04-08,15.3173,75.7139,175.0,,,,0,0,
Kerala,,70,2,2020-04-08,10.8505,76.2711,336.0,,,,0,0,
Ladakh,,10,0,2020-04-08,34.2996,78.2932,14.0,,,,0,0,
Madhya Pradesh,,0,13,2020-04-08,22.9734,78.6569,229.0,,,,0,0,
Maharashtra,,79,64,2020-04-08,19.7515,75.7139,1018.0,,,,0,0,
Manipur,,0,0,2020-04-08,24.6637,93.9063,2.0,,,,0,0,
Mizoram,,0,0,2020-04-08,23.1645,92.9376,1.0,,,,0,0,
Odisha,,2,1,2020-04-08,20.9517,85.0985,42.0,,,,0,0,
Puducherry,,1,0,2020-04-08,11.9416,79.8083,5.0,,,,0,0,
Punjab,,4,7,2020-04-08,31.1471,75.3412,91.0,,,,0,0,
Rajasthan,,21,3,2020-04-08,27.0238,74.2179,328.0,,,,0,0,
Tamil Nadu,,19,7,2020-04-08,11.1271,78.6569,690.0,,,,0,0,
Telengana,,35,7,2020-04-08,18.1124,79.0193,364.0,,,,0,0,
Tripura,,0,0,2020-04-08,,,1.0,,,,0,0,
Uttar Pradesh,,21,3,2020-04-08,26.8467,80.9462,326.0,,,,0,0,
Uttarakhand,31.0,5,0,2020-04-08,30.0668,79.0193,,,,,0,0,
West Bengal,99.0,13,5,2020-04-08,22.9868,87.855,,,,,0,0,
Andaman and Nicobar Islands,11.0,0,0,2020-04-09,11.7401,92.6586,,,,,0,0,
Andhra Pradesh,348.0,6,4,2020-04-09,15.9129,79.74,,,,,0,0,
Arunachal Pradesh,1.0,0,0,2020-04-09,,,,,,,0,0,
Assam,28.0,0,0,2020-04-09,,,,,,,0,0,
Bihar,38.0,0,1,2020-04-09,25.0961,85.3131,,,,,0,0,
Chandigarh,18.0,7,0,2020-04-09,30.7333,76.7794,,,,,0,0,
Chhattisgarh,10.0,9,0,2020-04-09,21.2787,81.8661,,,,,0,0,
Delhi,669.0,21,9,2020-04-09,28.7041,77.1025,,,,,0,0,
Goa,7.0,0,0,2020-04-09,15.2993,74.124,,,,,0,0,
Gujarat,179.0,25,16,2020-04-09,22.2587,71.1924,,,,,0,0,
Haryana,147.0,28,3,2020-04-09,29.0588,76.0856,,,,,0,0,
Himachal Pradesh,18.0,2,1,2020-04-09,31.1048,77.1734,,,,,0,0,
Jammu and Kashmir,158.0,4,4,2020-04-09,33.7782,76.5762,,,,,0,0,
Jharkhand,4.0,0,0,2020-04-09,,,,,,,0,0,
Karnataka,181.0,28,5,2020-04-09,15.3173,75.7139,,,,,0,0,
Kerala,345.0,83,2,2020-04-09,10.8505,76.2711,,,,,0,0,
Ladakh,14.0,10,0,2020-04-09,34.2996,78.2932,,,,,0,0,
Madhya Pradesh,229.0,0,13,2020-04-09,22.9734,78.6569,,,,,0,0,
Maharashtra,1135.0,117,72,2020-04-09,19.7515,75.7139,,,,,0,0,
Manipur,1.0,1,0,2020-04-09,24.6637,93.9063,,,,,0,0,
Mizoram,1.0,0,0,2020-04-09,23.1645,92.9376,,,,,0,0,
Odisha,42.0,2,1,2020-04-09,20.9517,85.0985,,,,,0,0,
Puducherry,5.0,1,0,2020-04-09,11.9416,79.8083,,,,,0,0,
Punjab,101.0,4,8,2020-04-09,31.1471,75.3412,,,,,0,0,
Rajasthan,381.0,21,3,2020-04-09,27.0238,74.2179,,,,,0,0,
Tamil Nadu,738.0,21,8,2020-04-09,11.1271,78.6569,,,,,0,0,
Telengana,427.0,35,7,2020-04-09,18.1124,79.0193,,,,,0,0,
Tripura,1.0,0,0,2020-04-09,,,,,,,0,0,
Uttar Pradesh,361.0,27,4,2020-04-09,26.8467,80.9462,,,,,0,0,
Uttarakhand,35,5,0,2020-04-09,30.0668,79.0193,,,,,0,0,
West Bengal,103,16,5,2020-04-09,22.9868,87.855,,,,,0,0,
